[
  {
    "__type__": "cc.Prefab",
    "_name": "pop_a",
    "_objFlags": 0,
    "_native": "",
    "data": {
      "__id__": 1
    },
    "optimizationPolicy": 0,
    "asyncLoadAssets": false,
    "readonly": false
  },
  {
    "__type__": "cc.Node",
    "_name": "pop_a",
    "_objFlags": 0,
    "_parent": null,
    "_children": [
      {
        "__id__": 2
      },
      {
        "__id__": 5
      },
      {
        "__id__": 8
      },
      {
        "__id__": 18
      },
      {
        "__id__": 30
      },
      {
        "__id__": 33
      },
      {
        "__id__": 43
      }
    ],
    "_active": true,
    "_level": 1,
    "_components": [],
    "_prefab": {
      "__id__": 46
    },
    "_opacity": 255,
    "_color": {
      "__type__": "cc.Color",
      "r": 255,
      "g": 255,
      "b": 255,
      "a": 255
    },
    "_contentSize": {
      "__type__": "cc.Size",
      "width": 0,
      "height": 0
    },
    "_anchorPoint": {
      "__type__": "cc.Vec2",
      "x": 0.5,
      "y": 0.5
    },
    "_quat": {
      "__type__": "cc.Quat",
      "x": 0,
      "y": 0,
      "z": 0,
      "w": 1
    },
    "_skewX": 0,
    "_skewY": 0,
    "groupIndex": 0,
    "_id": "",
    "_trs": {
      "__type__": "TypedArray",
      "ctor": "Float32Array",
      "array": [
        -76,
        155,
        0,
        0,
        0,
        0,
        0,
        1,
        1,
        1
      ]
    }
  },
  {
    "__type__": "cc.Node",
    "_name": "New Sprite(Splash)",
    "_objFlags": 0,
    "_parent": {
      "__id__": 1
    },
    "_children": [],
    "_active": true,
    "_level": 2,
    "_components": [
      {
        "__id__": 3
      }
    ],
    "_prefab": {
      "__id__": 4
    },
    "_opacity": 255,
    "_color": {
      "__type__": "cc.Color",
      "r": 205,
      "g": 146,
      "b": 146,
      "a": 255
    },
    "_contentSize": {
      "__type__": "cc.Size",
      "width": 400,
      "height": 300
    },
    "_anchorPoint": {
      "__type__": "cc.Vec2",
      "x": 0.5,
      "y": 0.5
    },
    "_quat": {
      "__type__": "cc.Quat",
      "x": 0,
      "y": 0,
      "z": 0,
      "w": 1
    },
    "_skewX": 0,
    "_skewY": 0,
    "groupIndex": 0,
    "_id": "",
    "_trs": {
      "__type__": "TypedArray",
      "ctor": "Float32Array",
      "array": [
        0,
        0,
        0,
        0,
        0,
        0,
        0,
        1,
        1,
        1
      ]
    }
  },
  {
    "__type__": "cc.Sprite",
    "_name": "",
    "_objFlags": 0,
    "node": {
      "__id__": 2
    },
    "_enabled": true,
    "_spriteFrame": {
      "__uuid__": "a23235d1-15db-4b95-8439-a2e005bfff91"
    },
    "_type": 0,
    "_sizeMode": 0,
    "_fillType": 0,
    "_fillCenter": {
      "__type__": "cc.Vec2",
      "x": 0,
      "y": 0
    },
    "_fillStart": 0,
    "_fillRange": 0,
    "_isTrimmedMode": true,
    "_state": 0,
    "_atlas": null,
    "_srcBlendFactor": 770,
    "_dstBlendFactor": 771,
    "_id": ""
  },
  {
    "__type__": "cc.PrefabInfo",
    "root": {
      "__id__": 1
    },
    "asset": {
      "__uuid__": "25690e0f-d2b8-465b-bade-c5612b1bab88"
    },
    "fileId": "2cRFlfnUVHKbbkz6tcXhIl",
    "sync": false
  },
  {
    "__type__": "cc.Node",
    "_name": "title_label",
    "_objFlags": 0,
    "_parent": {
      "__id__": 1
    },
    "_children": [],
    "_active": true,
    "_level": 2,
    "_components": [
      {
        "__id__": 6
      }
    ],
    "_prefab": {
      "__id__": 7
    },
    "_opacity": 255,
    "_color": {
      "__type__": "cc.Color",
      "r": 255,
      "g": 255,
      "b": 255,
      "a": 255
    },
    "_contentSize": {
      "__type__": "cc.Size",
      "width": 97.87,
      "height": 40
    },
    "_anchorPoint": {
      "__type__": "cc.Vec2",
      "x": 0.5,
      "y": 0.5
    },
    "_quat": {
      "__type__": "cc.Quat",
      "x": 0,
      "y": 0,
      "z": 0,
      "w": 1
    },
    "_skewX": 0,
    "_skewY": 0,
    "groupIndex": 0,
    "_id": "",
    "_trs": {
      "__type__": "TypedArray",
      "ctor": "Float32Array",
      "array": [
        0,
        126,
        0,
        0,
        0,
        0,
        0,
        1,
        1,
        1
      ]
    }
  },
  {
    "__type__": "cc.Label",
    "_name": "",
    "_objFlags": 0,
    "node": {
      "__id__": 5
    },
    "_enabled": true,
    "_useOriginalSize": false,
    "_string": "Label",
    "_N$string": "Label",
    "_fontSize": 40,
    "_lineHeight": 40,
    "_enableWrapText": true,
    "_N$file": null,
    "_isSystemFontUsed": true,
    "_spacingX": 0,
    "_batchAsBitmap": false,
    "_N$horizontalAlign": 1,
    "_N$verticalAlign": 1,
    "_N$fontFamily": "Arial",
    "_N$overflow": 0,
    "_N$cacheMode": 0,
    "_id": ""
  },
  {
    "__type__": "cc.PrefabInfo",
    "root": {
      "__id__": 1
    },
    "asset": {
      "__uuid__": "25690e0f-d2b8-465b-bade-c5612b1bab88"
    },
    "fileId": "d27S0ZAndKOIZAWHkPVgtL",
    "sync": false
  },
  {
    "__type__": "cc.Node",
    "_name": "close_button",
    "_objFlags": 0,
    "_parent": {
      "__id__": 1
    },
    "_children": [
      {
        "__id__": 9
      }
    ],
    "_active": true,
    "_level": 2,
    "_components": [
      {
        "__id__": 16
      }
    ],
    "_prefab": {
      "__id__": 17
    },
    "_opacity": 255,
    "_color": {
      "__type__": "cc.Color",
      "r": 255,
      "g": 255,
      "b": 255,
      "a": 255
    },
    "_contentSize": {
      "__type__": "cc.Size",
      "width": 100,
      "height": 40
    },
    "_anchorPoint": {
      "__type__": "cc.Vec2",
      "x": 0.5,
      "y": 0.5
    },
    "_quat": {
      "__type__": "cc.Quat",
      "x": 0,
      "y": 0,
      "z": 0,
      "w": 1
    },
    "_skewX": 0,
    "_skewY": 0,
    "groupIndex": 0,
    "_id": "",
    "_trs": {
      "__type__": "TypedArray",
      "ctor": "Float32Array",
      "array": [
        193,
        149,
        0,
        0,
        0,
        0,
        0,
        1,
        1,
        1
      ]
    }
  },
  {
    "__type__": "cc.Node",
    "_name": "Background",
    "_objFlags": 0,
    "_parent": {
      "__id__": 8
    },
    "_children": [
      {
        "__id__": 10
      }
    ],
    "_active": true,
    "_level": 2,
    "_components": [
      {
        "__id__": 13
      },
      {
        "__id__": 14
      }
    ],
    "_prefab": {
      "__id__": 15
    },
    "_opacity": 255,
    "_color": {
      "__type__": "cc.Color",
      "r": 230,
      "g": 230,
      "b": 230,
      "a": 255
    },
    "_contentSize": {
      "__type__": "cc.Size",
      "width": 100,
      "height": 40
    },
    "_anchorPoint": {
      "__type__": "cc.Vec2",
      "x": 0.5,
      "y": 0.5
    },
    "_quat": {
      "__type__": "cc.Quat",
      "x": 0,
      "y": 0,
      "z": 0,
      "w": 1
    },
    "_skewX": 0,
    "_skewY": 0,
    "groupIndex": 0,
    "_id": "",
    "_trs": {
      "__type__": "TypedArray",
      "ctor": "Float32Array",
      "array": [
        0,
        0,
        0,
        0,
        0,
        0,
        0,
        1,
        1,
        1
      ]
    }
  },
  {
    "__type__": "cc.Node",
    "_name": "Label",
    "_objFlags": 0,
    "_parent": {
      "__id__": 9
    },
    "_children": [],
    "_active": true,
    "_level": 3,
    "_components": [
      {
        "__id__": 11
      }
    ],
    "_prefab": {
      "__id__": 12
    },
    "_opacity": 255,
    "_color": {
      "__type__": "cc.Color",
      "r": 0,
      "g": 0,
      "b": 0,
      "a": 255
    },
    "_contentSize": {
      "__type__": "cc.Size",
      "width": 100,
      "height": 40
    },
    "_anchorPoint": {
      "__type__": "cc.Vec2",
      "x": 0.5,
      "y": 0.5
    },
    "_quat": {
      "__type__": "cc.Quat",
      "x": 0,
      "y": 0,
      "z": 0,
      "w": 1
    },
    "_skewX": 0,
    "_skewY": 0,
    "groupIndex": 0,
    "_id": "",
    "_trs": {
      "__type__": "TypedArray",
      "ctor": "Float32Array",
      "array": [
        0,
        0,
        0,
        0,
        0,
        0,
        0,
        1,
        1,
        1
      ]
    }
  },
  {
    "__type__": "cc.Label",
    "_name": "",
    "_objFlags": 0,
    "node": {
      "__id__": 10
    },
    "_enabled": true,
    "_useOriginalSize": false,
    "_string": "button",
    "_N$string": "button",
    "_fontSize": 20,
    "_lineHeight": 40,
    "_enableWrapText": false,
    "_N$file": null,
    "_isSystemFontUsed": true,
    "_spacingX": 0,
    "_batchAsBitmap": false,
    "_N$horizontalAlign": 1,
    "_N$verticalAlign": 1,
    "_N$fontFamily": "Arial",
    "_N$overflow": 1,
    "_N$cacheMode": 0,
    "_id": ""
  },
  {
    "__type__": "cc.PrefabInfo",
    "root": {
      "__id__": 1
    },
    "asset": {
      "__uuid__": "25690e0f-d2b8-465b-bade-c5612b1bab88"
    },
    "fileId": "d0/fHNDAFIdpNdWKT+2siE",
    "sync": false
  },
  {
    "__type__": "cc.Sprite",
    "_name": "",
    "_objFlags": 0,
    "node": {
      "__id__": 9
    },
    "_enabled": true,
    "_spriteFrame": {
      "__uuid__": "f0048c10-f03e-4c97-b9d3-3506e1d58952"
    },
    "_type": 1,
    "_sizeMode": 0,
    "_fillType": 0,
    "_fillCenter": {
      "__type__": "cc.Vec2",
      "x": 0,
      "y": 0
    },
    "_fillStart": 0,
    "_fillRange": 0,
    "_isTrimmedMode": true,
    "_state": 0,
    "_atlas": null,
    "_srcBlendFactor": 770,
    "_dstBlendFactor": 771,
    "_id": ""
  },
  {
    "__type__": "cc.Widget",
    "_name": "",
    "_objFlags": 0,
    "node": {
      "__id__": 9
    },
    "_enabled": true,
    "alignMode": 0,
    "_target": null,
    "_alignFlags": 45,
    "_left": 0,
    "_right": 0,
    "_top": 0,
    "_bottom": 0,
    "_verticalCenter": 0,
    "_horizontalCenter": 0,
    "_isAbsLeft": true,
    "_isAbsRight": true,
    "_isAbsTop": true,
    "_isAbsBottom": true,
    "_isAbsHorizontalCenter": true,
    "_isAbsVerticalCenter": true,
    "_originalWidth": 100,
    "_originalHeight": 40,
    "_id": ""
  },
  {
    "__type__": "cc.PrefabInfo",
    "root": {
      "__id__": 1
    },
    "asset": {
      "__uuid__": "25690e0f-d2b8-465b-bade-c5612b1bab88"
    },
    "fileId": "2dP5HyjMZDtqlF4kC7n6y9",
    "sync": false
  },
  {
    "__type__": "cc.Button",
    "_name": "",
    "_objFlags": 0,
    "node": {
      "__id__": 8
    },
    "_enabled": true,
    "duration": 0.1,
    "zoomScale": 1.2,
    "clickEvents": [],
    "_N$interactable": true,
    "_N$enableAutoGrayEffect": false,
    "_N$transition": 2,
    "transition": 2,
    "_N$normalColor": {
      "__type__": "cc.Color",
      "r": 230,
      "g": 230,
      "b": 230,
      "a": 255
    },
    "_N$pressedColor": {
      "__type__": "cc.Color",
      "r": 200,
      "g": 200,
      "b": 200,
      "a": 255
    },
    "pressedColor": {
      "__type__": "cc.Color",
      "r": 200,
      "g": 200,
      "b": 200,
      "a": 255
    },
    "_N$hoverColor": {
      "__type__": "cc.Color",
      "r": 255,
      "g": 255,
      "b": 255,
      "a": 255
    },
    "hoverColor": {
      "__type__": "cc.Color",
      "r": 255,
      "g": 255,
      "b": 255,
      "a": 255
    },
    "_N$disabledColor": {
      "__type__": "cc.Color",
      "r": 120,
      "g": 120,
      "b": 120,
      "a": 200
    },
    "_N$normalSprite": {
      "__uuid__": "f0048c10-f03e-4c97-b9d3-3506e1d58952"
    },
    "_N$pressedSprite": {
      "__uuid__": "e9ec654c-97a2-4787-9325-e6a10375219a"
    },
    "pressedSprite": {
      "__uuid__": "e9ec654c-97a2-4787-9325-e6a10375219a"
    },
    "_N$hoverSprite": {
      "__uuid__": "f0048c10-f03e-4c97-b9d3-3506e1d58952"
    },
    "hoverSprite": {
      "__uuid__": "f0048c10-f03e-4c97-b9d3-3506e1d58952"
    },
    "_N$disabledSprite": {
      "__uuid__": "29158224-f8dd-4661-a796-1ffab537140e"
    },
    "_N$target": {
      "__id__": 9
    },
    "_id": ""
  },
  {
    "__type__": "cc.PrefabInfo",
    "root": {
      "__id__": 1
    },
    "asset": {
      "__uuid__": "25690e0f-d2b8-465b-bade-c5612b1bab88"
    },
    "fileId": "95p59YYn9Afp7QD9iB+xT3",
    "sync": false
  },
  {
    "__type__": "cc.Node",
    "_name": "exp_edit_box",
    "_objFlags": 0,
    "_parent": {
      "__id__": 1
    },
    "_children": [
      {
        "__id__": 19
      },
      {
        "__id__": 22
      },
      {
        "__id__": 25
      }
    ],
    "_active": true,
    "_level": 2,
    "_components": [
      {
        "__id__": 28
      }
    ],
    "_prefab": {
      "__id__": 29
    },
    "_opacity": 255,
    "_color": {
      "__type__": "cc.Color",
      "r": 255,
      "g": 255,
      "b": 255,
      "a": 255
    },
    "_contentSize": {
      "__type__": "cc.Size",
      "width": 160,
      "height": 40
    },
    "_anchorPoint": {
      "__type__": "cc.Vec2",
      "x": 0.5,
      "y": 0.5
    },
    "_quat": {
      "__type__": "cc.Quat",
      "x": 0,
      "y": 0,
      "z": 0,
      "w": 1
    },
    "_skewX": 0,
    "_skewY": 0,
    "groupIndex": 0,
    "_id": "",
    "_trs": {
      "__type__": "TypedArray",
      "ctor": "Float32Array",
      "array": [
        39,
        -24,
        0,
        0,
        0,
        0,
        0,
        1,
        1,
        1
      ]
    }
  },
  {
    "__type__": "cc.Node",
    "_name": "BACKGROUND_SPRITE",
    "_objFlags": 0,
    "_parent": {
      "__id__": 18
    },
    "_children": [],
    "_active": true,
    "_level": 2,
    "_components": [
      {
        "__id__": 20
      }
    ],
    "_prefab": {
      "__id__": 21
    },
    "_opacity": 255,
    "_color": {
      "__type__": "cc.Color",
      "r": 255,
      "g": 255,
      "b": 255,
      "a": 255
    },
    "_contentSize": {
      "__type__": "cc.Size",
      "width": 160,
      "height": 40
    },
    "_anchorPoint": {
      "__type__": "cc.Vec2",
      "x": 0.5,
      "y": 0.5
    },
    "_quat": {
      "__type__": "cc.Quat",
      "x": 0,
      "y": 0,
      "z": 0,
      "w": 1
    },
    "_skewX": 0,
    "_skewY": 0,
    "groupIndex": 0,
    "_id": "",
    "_trs": {
      "__type__": "TypedArray",
      "ctor": "Float32Array",
      "array": [
        0,
        0,
        0,
        0,
        0,
        0,
        0,
        1,
        1,
        1
      ]
    }
  },
  {
    "__type__": "cc.Sprite",
    "_name": "",
    "_objFlags": 0,
    "node": {
      "__id__": 19
    },
    "_enabled": true,
    "_spriteFrame": {
      "__uuid__": "ff0e91c7-55c6-4086-a39f-cb6e457b8c3b"
    },
    "_type": 1,
    "_sizeMode": 0,
    "_fillType": 0,
    "_fillCenter": {
      "__type__": "cc.Vec2",
      "x": 0,
      "y": 0
    },
    "_fillStart": 0,
    "_fillRange": 0,
    "_isTrimmedMode": true,
    "_state": 0,
    "_atlas": null,
    "_srcBlendFactor": 770,
    "_dstBlendFactor": 771,
    "_id": ""
  },
  {
    "__type__": "cc.PrefabInfo",
    "root": {
      "__id__": 1
    },
    "asset": {
      "__uuid__": "25690e0f-d2b8-465b-bade-c5612b1bab88"
    },
    "fileId": "faeYxTufJC87iwVAS5Y9s0",
    "sync": false
  },
  {
    "__type__": "cc.Node",
    "_name": "TEXT_LABEL",
    "_objFlags": 0,
    "_parent": {
      "__id__": 18
    },
    "_children": [],
    "_active": false,
    "_level": 2,
    "_components": [
      {
        "__id__": 23
      }
    ],
    "_prefab": {
      "__id__": 24
    },
    "_opacity": 255,
    "_color": {
      "__type__": "cc.Color",
      "r": 255,
      "g": 255,
      "b": 255,
      "a": 255
    },
    "_contentSize": {
      "__type__": "cc.Size",
      "width": 158,
      "height": 40
    },
    "_anchorPoint": {
      "__type__": "cc.Vec2",
      "x": 0,
      "y": 1
    },
    "_quat": {
      "__type__": "cc.Quat",
      "x": 0,
      "y": 0,
      "z": 0,
      "w": 1
    },
    "_skewX": 0,
    "_skewY": 0,
    "groupIndex": 0,
    "_id": "",
    "_trs": {
      "__type__": "TypedArray",
      "ctor": "Float32Array",
      "array": [
        -78,
        20,
        0,
        0,
        0,
        0,
        0,
        1,
        1,
        1
      ]
    }
  },
  {
    "__type__": "cc.Label",
    "_name": "",
    "_objFlags": 0,
    "node": {
      "__id__": 22
    },
    "_enabled": true,
    "_useOriginalSize": true,
    "_string": "",
    "_N$string": "",
    "_fontSize": 20,
    "_lineHeight": 40,
    "_enableWrapText": false,
    "_N$file": null,
    "_isSystemFontUsed": true,
    "_spacingX": 0,
    "_batchAsBitmap": false,
    "_N$horizontalAlign": 0,
    "_N$verticalAlign": 1,
    "_N$fontFamily": "Arial",
    "_N$overflow": 1,
    "_N$cacheMode": 0,
    "_id": ""
  },
  {
    "__type__": "cc.PrefabInfo",
    "root": {
      "__id__": 1
    },
    "asset": {
      "__uuid__": "25690e0f-d2b8-465b-bade-c5612b1bab88"
    },
    "fileId": "aer+eAIKZDa6ZNl0JgRDTM",
    "sync": false
  },
  {
    "__type__": "cc.Node",
    "_name": "PLACEHOLDER_LABEL",
    "_objFlags": 0,
    "_parent": {
      "__id__": 18
    },
    "_children": [],
    "_active": true,
    "_level": 2,
    "_components": [
      {
        "__id__": 26
      }
    ],
    "_prefab": {
      "__id__": 27
    },
    "_opacity": 255,
    "_color": {
      "__type__": "cc.Color",
      "r": 187,
      "g": 187,
      "b": 187,
      "a": 255
    },
    "_contentSize": {
      "__type__": "cc.Size",
      "width": 158,
      "height": 40
    },
    "_anchorPoint": {
      "__type__": "cc.Vec2",
      "x": 0,
      "y": 1
    },
    "_quat": {
      "__type__": "cc.Quat",
      "x": 0,
      "y": 0,
      "z": 0,
      "w": 1
    },
    "_skewX": 0,
    "_skewY": 0,
    "groupIndex": 0,
    "_id": "",
    "_trs": {
      "__type__": "TypedArray",
      "ctor": "Float32Array",
      "array": [
        -78,
        20,
        0,
        0,
        0,
        0,
        0,
        1,
        1,
        1
      ]
    }
  },
  {
    "__type__": "cc.Label",
    "_name": "",
    "_objFlags": 0,
    "node": {
      "__id__": 25
    },
    "_enabled": true,
    "_useOriginalSize": true,
    "_string": "",
    "_N$string": "",
    "_fontSize": 20,
    "_lineHeight": 40,
    "_enableWrapText": false,
    "_N$file": null,
    "_isSystemFontUsed": true,
    "_spacingX": 0,
    "_batchAsBitmap": false,
    "_N$horizontalAlign": 0,
    "_N$verticalAlign": 1,
    "_N$fontFamily": "Arial",
    "_N$overflow": 1,
    "_N$cacheMode": 0,
    "_id": ""
  },
  {
    "__type__": "cc.PrefabInfo",
    "root": {
      "__id__": 1
    },
    "asset": {
      "__uuid__": "25690e0f-d2b8-465b-bade-c5612b1bab88"
    },
    "fileId": "4ffedOTpJNm7F2yp11WmOv",
    "sync": false
  },
  {
    "__type__": "cc.EditBox",
    "_name": "",
    "_objFlags": 0,
    "node": {
      "__id__": 18
    },
    "_enabled": true,
    "_useOriginalSize": false,
    "_string": "",
    "_tabIndex": 0,
    "editingDidBegan": [],
    "textChanged": [],
    "editingDidEnded": [],
    "editingReturn": [],
    "_N$backgroundImage": {
      "__uuid__": "ff0e91c7-55c6-4086-a39f-cb6e457b8c3b"
    },
    "_N$returnType": 0,
    "_N$inputFlag": 5,
    "_N$inputMode": 2,
    "_N$fontSize": 20,
    "_N$lineHeight": 40,
    "_N$fontColor": {
      "__type__": "cc.Color",
      "r": 255,
      "g": 255,
      "b": 255,
      "a": 255
    },
    "_N$placeholder": "",
    "_N$placeholderFontSize": 20,
    "_N$placeholderFontColor": {
      "__type__": "cc.Color",
      "r": 187,
      "g": 187,
      "b": 187,
      "a": 255
    },
    "_N$maxLength": 8,
    "_N$stayOnTop": false,
    "_id": ""
  },
  {
    "__type__": "cc.PrefabInfo",
    "root": {
      "__id__": 1
    },
    "asset": {
      "__uuid__": "25690e0f-d2b8-465b-bade-c5612b1bab88"
    },
    "fileId": "85ErykXCNGq7liVoFeqL98",
    "sync": false
  },
  {
    "__type__": "cc.Node",
    "_name": "New Label",
    "_objFlags": 0,
    "_parent": {
      "__id__": 1
    },
    "_children": [],
    "_active": true,
    "_level": 2,
    "_components": [
      {
        "__id__": 31
      }
    ],
    "_prefab": {
      "__id__": 32
    },
    "_opacity": 255,
    "_color": {
      "__type__": "cc.Color",
      "r": 255,
      "g": 255,
      "b": 255,
      "a": 255
    },
    "_contentSize": {
      "__type__": "cc.Size",
      "width": 120,
      "height": 40
    },
    "_anchorPoint": {
      "__type__": "cc.Vec2",
      "x": 0.5,
      "y": 0.5
    },
    "_quat": {
      "__type__": "cc.Quat",
      "x": 0,
      "y": 0,
      "z": 0,
      "w": 1
    },
    "_skewX": 0,
    "_skewY": 0,
    "groupIndex": 0,
    "_id": "",
    "_trs": {
      "__type__": "TypedArray",
      "ctor": "Float32Array",
      "array": [
        -86,
        -24,
        0,
        0,
        0,
        0,
        0,
        1,
        1,
        1
      ]
    }
  },
  {
    "__type__": "cc.Label",
    "_name": "",
    "_objFlags": 0,
    "node": {
      "__id__": 30
    },
    "_enabled": true,
    "_useOriginalSize": false,
    "_string": "经验：",
    "_N$string": "经验：",
    "_fontSize": 40,
    "_lineHeight": 40,
    "_enableWrapText": true,
    "_N$file": null,
    "_isSystemFontUsed": true,
    "_spacingX": 0,
    "_batchAsBitmap": false,
    "_N$horizontalAlign": 1,
    "_N$verticalAlign": 1,
    "_N$fontFamily": "Arial",
    "_N$overflow": 0,
    "_N$cacheMode": 0,
    "_id": ""
  },
  {
    "__type__": "cc.PrefabInfo",
    "root": {
      "__id__": 1
    },
    "asset": {
      "__uuid__": "25690e0f-d2b8-465b-bade-c5612b1bab88"
    },
    "fileId": "90o5YYfJZJgoJtgbFBVAAB",
    "sync": false
  },
  {
    "__type__": "cc.Node",
    "_name": "ok_btn",
    "_objFlags": 0,
    "_parent": {
      "__id__": 1
    },
    "_children": [
      {
        "__id__": 34
      }
    ],
    "_active": true,
    "_level": 2,
    "_components": [
      {
        "__id__": 41
      }
    ],
    "_prefab": {
      "__id__": 42
    },
    "_opacity": 255,
    "_color": {
      "__type__": "cc.Color",
      "r": 255,
      "g": 255,
      "b": 255,
      "a": 255
    },
    "_contentSize": {
      "__type__": "cc.Size",
      "width": 100,
      "height": 40
    },
    "_anchorPoint": {
      "__type__": "cc.Vec2",
      "x": 0.5,
      "y": 0.5
    },
    "_quat": {
      "__type__": "cc.Quat",
      "x": 0,
      "y": 0,
      "z": 0,
      "w": 1
    },
    "_skewX": 0,
    "_skewY": 0,
    "groupIndex": 0,
    "_id": "",
    "_trs": {
      "__type__": "TypedArray",
      "ctor": "Float32Array",
      "array": [
        0,
        -91,
        0,
        0,
        0,
        0,
        0,
        1,
        1,
        1
      ]
    }
  },
  {
    "__type__": "cc.Node",
    "_name": "Background",
    "_objFlags": 0,
    "_parent": {
      "__id__": 33
    },
    "_children": [
      {
        "__id__": 35
      }
    ],
    "_active": true,
    "_level": 2,
    "_components": [
      {
        "__id__": 38
      },
      {
        "__id__": 39
      }
    ],
    "_prefab": {
      "__id__": 40
    },
    "_opacity": 255,
    "_color": {
      "__type__": "cc.Color",
      "r": 230,
      "g": 230,
      "b": 230,
      "a": 255
    },
    "_contentSize": {
      "__type__": "cc.Size",
      "width": 100,
      "height": 40
    },
    "_anchorPoint": {
      "__type__": "cc.Vec2",
      "x": 0.5,
      "y": 0.5
    },
    "_quat": {
      "__type__": "cc.Quat",
      "x": 0,
      "y": 0,
      "z": 0,
      "w": 1
    },
    "_skewX": 0,
    "_skewY": 0,
    "groupIndex": 0,
    "_id": "",
    "_trs": {
      "__type__": "TypedArray",
      "ctor": "Float32Array",
      "array": [
        0,
        0,
        0,
        0,
        0,
        0,
        0,
        1,
        1,
        1
      ]
    }
  },
  {
    "__type__": "cc.Node",
    "_name": "Label",
    "_objFlags": 0,
    "_parent": {
      "__id__": 34
    },
    "_children": [],
    "_active": true,
    "_level": 3,
    "_components": [
      {
        "__id__": 36
      }
    ],
    "_prefab": {
      "__id__": 37
    },
    "_opacity": 255,
    "_color": {
      "__type__": "cc.Color",
      "r": 0,
      "g": 0,
      "b": 0,
      "a": 255
    },
    "_contentSize": {
      "__type__": "cc.Size",
      "width": 100,
      "height": 40
    },
    "_anchorPoint": {
      "__type__": "cc.Vec2",
      "x": 0.5,
      "y": 0.5
    },
    "_quat": {
      "__type__": "cc.Quat",
      "x": 0,
      "y": 0,
      "z": 0,
      "w": 1
    },
    "_skewX": 0,
    "_skewY": 0,
    "groupIndex": 0,
    "_id": "",
    "_trs": {
      "__type__": "TypedArray",
      "ctor": "Float32Array",
      "array": [
        0,
        0,
        0,
        0,
        0,
        0,
        0,
        1,
        1,
        1
      ]
    }
  },
  {
    "__type__": "cc.Label",
    "_name": "",
    "_objFlags": 0,
    "node": {
      "__id__": 35
    },
    "_enabled": true,
    "_useOriginalSize": false,
    "_string": "OK",
    "_N$string": "OK",
    "_fontSize": 20,
    "_lineHeight": 40,
    "_enableWrapText": false,
    "_N$file": null,
    "_isSystemFontUsed": true,
    "_spacingX": 0,
    "_batchAsBitmap": false,
    "_N$horizontalAlign": 1,
    "_N$verticalAlign": 1,
    "_N$fontFamily": "Arial",
    "_N$overflow": 1,
    "_N$cacheMode": 0,
    "_id": ""
  },
  {
    "__type__": "cc.PrefabInfo",
    "root": {
      "__id__": 1
    },
    "asset": {
      "__uuid__": "25690e0f-d2b8-465b-bade-c5612b1bab88"
    },
    "fileId": "c02HrrxCdJ0p37GG9QX7WQ",
    "sync": false
  },
  {
    "__type__": "cc.Sprite",
    "_name": "",
    "_objFlags": 0,
    "node": {
      "__id__": 34
    },
    "_enabled": true,
    "_spriteFrame": {
      "__uuid__": "f0048c10-f03e-4c97-b9d3-3506e1d58952"
    },
    "_type": 1,
    "_sizeMode": 0,
    "_fillType": 0,
    "_fillCenter": {
      "__type__": "cc.Vec2",
      "x": 0,
      "y": 0
    },
    "_fillStart": 0,
    "_fillRange": 0,
    "_isTrimmedMode": true,
    "_state": 0,
    "_atlas": null,
    "_srcBlendFactor": 770,
    "_dstBlendFactor": 771,
    "_id": ""
  },
  {
    "__type__": "cc.Widget",
    "_name": "",
    "_objFlags": 0,
    "node": {
      "__id__": 34
    },
    "_enabled": true,
    "alignMode": 0,
    "_target": null,
    "_alignFlags": 45,
    "_left": 0,
    "_right": 0,
    "_top": 0,
    "_bottom": 0,
    "_verticalCenter": 0,
    "_horizontalCenter": 0,
    "_isAbsLeft": true,
    "_isAbsRight": true,
    "_isAbsTop": true,
    "_isAbsBottom": true,
    "_isAbsHorizontalCenter": true,
    "_isAbsVerticalCenter": true,
    "_originalWidth": 100,
    "_originalHeight": 40,
    "_id": ""
  },
  {
    "__type__": "cc.PrefabInfo",
    "root": {
      "__id__": 1
    },
    "asset": {
      "__uuid__": "25690e0f-d2b8-465b-bade-c5612b1bab88"
    },
    "fileId": "10OdaR5jVIGJJiqMKyQjEp",
    "sync": false
  },
  {
    "__type__": "cc.Button",
    "_name": "",
    "_objFlags": 0,
    "node": {
      "__id__": 33
    },
    "_enabled": true,
    "duration": 0.1,
    "zoomScale": 1.2,
    "clickEvents": [],
    "_N$interactable": true,
    "_N$enableAutoGrayEffect": false,
    "_N$transition": 2,
    "transition": 2,
    "_N$normalColor": {
      "__type__": "cc.Color",
      "r": 230,
      "g": 230,
      "b": 230,
      "a": 255
    },
    "_N$pressedColor": {
      "__type__": "cc.Color",
      "r": 200,
      "g": 200,
      "b": 200,
      "a": 255
    },
    "pressedColor": {
      "__type__": "cc.Color",
      "r": 200,
      "g": 200,
      "b": 200,
      "a": 255
    },
    "_N$hoverColor": {
      "__type__": "cc.Color",
      "r": 255,
      "g": 255,
      "b": 255,
      "a": 255
    },
    "hoverColor": {
      "__type__": "cc.Color",
      "r": 255,
      "g": 255,
      "b": 255,
      "a": 255
    },
    "_N$disabledColor": {
      "__type__": "cc.Color",
      "r": 120,
      "g": 120,
      "b": 120,
      "a": 200
    },
    "_N$normalSprite": {
      "__uuid__": "f0048c10-f03e-4c97-b9d3-3506e1d58952"
    },
    "_N$pressedSprite": {
      "__uuid__": "e9ec654c-97a2-4787-9325-e6a10375219a"
    },
    "pressedSprite": {
      "__uuid__": "e9ec654c-97a2-4787-9325-e6a10375219a"
    },
    "_N$hoverSprite": {
      "__uuid__": "f0048c10-f03e-4c97-b9d3-3506e1d58952"
    },
    "hoverSprite": {
      "__uuid__": "f0048c10-f03e-4c97-b9d3-3506e1d58952"
    },
    "_N$disabledSprite": {
      "__uuid__": "29158224-f8dd-4661-a796-1ffab537140e"
    },
    "_N$target": {
      "__id__": 34
    },
    "_id": ""
  },
  {
    "__type__": "cc.PrefabInfo",
    "root": {
      "__id__": 1
    },
    "asset": {
      "__uuid__": "25690e0f-d2b8-465b-bade-c5612b1bab88"
    },
    "fileId": "f2BOelVv5D7a6d8hXDt9Jw",
    "sync": false
  },
  {
    "__type__": "cc.Node",
    "_name": "des_label",
    "_objFlags": 0,
    "_parent": {
      "__id__": 1
    },
    "_children": [],
    "_active": true,
    "_level": 2,
    "_components": [
      {
        "__id__": 44
      }
    ],
    "_prefab": {
      "__id__": 45
    },
    "_opacity": 255,
    "_color": {
      "__type__": "cc.Color",
      "r": 255,
      "g": 255,
      "b": 255,
      "a": 255
    },
    "_contentSize": {
      "__type__": "cc.Size",
      "width": 284.49,
      "height": 40
    },
    "_anchorPoint": {
      "__type__": "cc.Vec2",
      "x": 0.5,
      "y": 0.5
    },
    "_quat": {
      "__type__": "cc.Quat",
      "x": 0,
      "y": 0,
      "z": 0,
      "w": 1
    },
    "_skewX": 0,
    "_skewY": 0,
    "groupIndex": 0,
    "_id": "",
    "_trs": {
      "__type__": "TypedArray",
      "ctor": "Float32Array",
      "array": [
        -1,
        54,
        0,
        0,
        0,
        0,
        0,
        1,
        1,
        1
      ]
    }
  },
  {
    "__type__": "cc.Label",
    "_name": "",
    "_objFlags": 0,
    "node": {
      "__id__": 43
    },
    "_enabled": true,
    "_useOriginalSize": false,
    "_string": "当前等级为：10",
    "_N$string": "当前等级为：10",
    "_fontSize": 40,
    "_lineHeight": 40,
    "_enableWrapText": true,
    "_N$file": null,
    "_isSystemFontUsed": true,
    "_spacingX": 0,
    "_batchAsBitmap": false,
    "_N$horizontalAlign": 1,
    "_N$verticalAlign": 1,
    "_N$fontFamily": "Arial",
    "_N$overflow": 0,
    "_N$cacheMode": 0,
    "_id": ""
  },
  {
    "__type__": "cc.PrefabInfo",
    "root": {
      "__id__": 1
    },
    "asset": {
      "__uuid__": "25690e0f-d2b8-465b-bade-c5612b1bab88"
    },
    "fileId": "8bqND7sY1CqYCIbmdxi0Cp",
    "sync": false
  },
  {
    "__type__": "cc.PrefabInfo",
    "root": {
      "__id__": 1
    },
    "asset": {
      "__uuid__": "25690e0f-d2b8-465b-bade-c5612b1bab88"
    },
    "fileId": "e8qKJ915BOmqWPmH67zpD+",
    "sync": false
  }
]