{
  "f8e6b000-5643-4b86-9080-aa680ce1f599": {
    "asset": 1568707779000,
    "meta": 1568707779000,
    "relativePath": "image"
  },
  "71561142-4c83-4933-afca-cb7a17f67053": {
    "asset": 1568707779000,
    "meta": 1571640276075,
    "relativePath": "image/default_btn_disabled.png"
  },
  "e851e89b-faa2-4484-bea6-5c01dd9f06e2": {
    "asset": 1568707779000,
    "meta": 1571640276073,
    "relativePath": "image/default_btn_normal.png"
  },
  "b43ff3c2-02bb-4874-81f7-f2dea6970f18": {
    "asset": 1568707779000,
    "meta": 1571640276085,
    "relativePath": "image/default_btn_pressed.png"
  },
  "edd215b9-2796-4a05-aaf5-81f96c9281ce": {
    "asset": 1568707779000,
    "meta": 1571640276086,
    "relativePath": "image/default_editbox_bg.png"
  },
  "d81ec8ad-247c-4e62-aa3c-d35c4193c7af": {
    "asset": 1568707779000,
    "meta": 1571640276093,
    "relativePath": "image/default_panel.png"
  },
  "99170b0b-d210-46f1-b213-7d9e3f23098a": {
    "asset": 1568707779000,
    "meta": 1571640276092,
    "relativePath": "image/default_progressbar_bg.png"
  },
  "cfef78f1-c8df-49b7-8ed0-4c953ace2621": {
    "asset": 1568707779000,
    "meta": 1571640276099,
    "relativePath": "image/default_progressbar.png"
  },
  "567dcd80-8bf4-4535-8a5a-313f1caf078a": {
    "asset": 1568707779000,
    "meta": 1571640276100,
    "relativePath": "image/default_radio_button_off.png"
  },
  "9d60001f-b5f4-4726-a629-2659e3ded0b8": {
    "asset": 1568707779000,
    "meta": 1571640276107,
    "relativePath": "image/default_radio_button_on.png"
  },
  "4bab67cb-18e6-4099-b840-355f0473f890": {
    "asset": 1568707779000,
    "meta": 1571640276109,
    "relativePath": "image/default_scrollbar_bg.png"
  },
  "617323dd-11f4-4dd3-8eec-0caf6b3b45b9": {
    "asset": 1568707779000,
    "meta": 1571640276117,
    "relativePath": "image/default_scrollbar_vertical_bg.png"
  },
  "d6d3ca85-4681-47c1-b5dd-d036a9d39ea2": {
    "asset": 1568707779000,
    "meta": 1571640276116,
    "relativePath": "image/default_scrollbar_vertical.png"
  },
  "0275e94c-56a7-410f-bd1a-fc7483f7d14a": {
    "asset": 1568707779000,
    "meta": 1571640276123,
    "relativePath": "image/default_sprite_splash.png"
  },
  "0291c134-b3da-4098-b7b5-e397edbe947f": {
    "asset": 1568707779000,
    "meta": 1571640276124,
    "relativePath": "image/default_scrollbar.png"
  },
  "6e056173-d285-473c-b206-40a7fff5386e": {
    "asset": 1568707779000,
    "meta": 1571640276130,
    "relativePath": "image/default_sprite.png"
  },
  "73a0903d-d80e-4e3c-aa67-f999543c08f5": {
    "asset": 1568707779000,
    "meta": 1571640276132,
    "relativePath": "image/default_toggle_checkmark.png"
  },
  "c25b9d50-c8fc-4d27-beeb-6e7c1f2e5c0f": {
    "asset": 1568707779000,
    "meta": 1571640276144,
    "relativePath": "image/default_toggle_disabled.png"
  },
  "d29077ba-1627-4a72-9579-7b56a235340c": {
    "asset": 1568707779000,
    "meta": 1571640276143,
    "relativePath": "image/default_toggle_normal.png"
  },
  "fc09f9bd-2cce-4605-b630-8145ef809ed6": {
    "asset": 1568707779000,
    "meta": 1568707779000,
    "relativePath": "misc"
  },
  "b181c1e4-0a72-4a91-bfb0-ae6f36ca60bd": {
    "asset": 1568707779000,
    "meta": 1571640276154,
    "relativePath": "image/default_toggle_pressed.png"
  },
  "f6e6dd15-71d1-4ffe-ace7-24fd39942c05": {
    "asset": 1568707779000,
    "meta": 1568707779000,
    "relativePath": "obsolete"
  },
  "2be36297-9abb-4fee-8049-9ed5e271da8a": {
    "asset": 1568707779000,
    "meta": 1571640276152,
    "relativePath": "misc/default_video.mp4"
  },
  "f743d2b6-b7ea-4c14-a55b-547ed4d0a045": {
    "asset": 1568707779000,
    "meta": 1568707779000,
    "relativePath": "particle"
  },
  "b8223619-7e38-47c4-841f-9160c232495a": {
    "asset": 1568707779000,
    "meta": 1571640276366,
    "relativePath": "obsolete/atom.plist"
  },
  "b2687ac4-099e-403c-a192-ff477686f4f5": {
    "asset": 1568707779000,
    "meta": 1571640276367,
    "relativePath": "particle/atom.plist"
  },
  "8a96b965-2dc0-4e03-aa90-3b79cb93b5b4": {
    "asset": 1568707779000,
    "meta": 1571640276193,
    "relativePath": "obsolete/atom.png"
  },
  "ae6c6c98-11e4-452f-8758-75f5c6a56e83": {
    "asset": 1568707779000,
    "meta": 1568707779000,
    "relativePath": "prefab"
  },
  "972b9a4d-47ee-4c74-b5c3-61d8a69bc29f": {
    "asset": 1568707779000,
    "meta": 1571640276203,
    "relativePath": "prefab/button.prefab"
  },
  "d0a82d39-bede-46c4-b698-c81ff0dedfff": {
    "asset": 1568707779000,
    "meta": 1571640276201,
    "relativePath": "particle/atom.png"
  },
  "2c937608-2562-40ea-b264-7395df6f0cea": {
    "asset": 1568707779000,
    "meta": 1571640276205,
    "relativePath": "prefab/canvas.prefab"
  },
  "61aeb05b-3b32-452b-8eed-2b76deeed554": {
    "asset": 1568707779000,
    "meta": 1571640276206,
    "relativePath": "prefab/editbox.prefab"
  },
  "27756ebb-3d33-44b0-9b96-e858fadd4dd4": {
    "asset": 1568707779000,
    "meta": 1571640276207,
    "relativePath": "prefab/label.prefab"
  },
  "785a442c-3ceb-45be-a46e-7317f625f3b9": {
    "asset": 1568707779000,
    "meta": 1571640276209,
    "relativePath": "prefab/layout.prefab"
  },
  "ca8401fe-ad6e-41a8-bd46-8e3e4e9945be": {
    "asset": 1568707779000,
    "meta": 1571640276215,
    "relativePath": "prefab/pageview.prefab"
  },
  "cd33edea-55f5-46c2-958d-357a01384a36": {
    "asset": 1568707779000,
    "meta": 1571640276216,
    "relativePath": "prefab/particlesystem.prefab"
  },
  "5965ffac-69da-4b55-bcde-9225d0613c28": {
    "asset": 1568707779000,
    "meta": 1571640276217,
    "relativePath": "prefab/progressBar.prefab"
  },
  "4a37dd57-78cd-4cec-aad4-f11a73d12b63": {
    "asset": 1568707779000,
    "meta": 1571640276219,
    "relativePath": "prefab/richtext.prefab"
  },
  "32044bd2-481f-4cf1-a656-e2b2fb1594eb": {
    "asset": 1568707779000,
    "meta": 1571640276220,
    "relativePath": "prefab/scrollview.prefab"
  },
  "0004d1cf-a0ad-47d8-ab17-34d3db9d35a3": {
    "asset": 1568707779000,
    "meta": 1571640276221,
    "relativePath": "prefab/slider.prefab"
  },
  "1f55e3be-b89b-4b79-88de-47fd31018044": {
    "asset": 1568707779000,
    "meta": 1571640276223,
    "relativePath": "prefab/sprite_splash.prefab"
  },
  "96083d03-c332-4a3f-9386-d03e2d19e8ee": {
    "asset": 1568707779000,
    "meta": 1571640276225,
    "relativePath": "prefab/sprite.prefab"
  },
  "7de03a80-4457-438d-95a7-3e7cdffd6086": {
    "asset": 1568707779000,
    "meta": 1571640276226,
    "relativePath": "prefab/tiledmap.prefab"
  },
  "0e42ba95-1fa1-46aa-b2cf-143cd1bcee2c": {
    "asset": 1568707779000,
    "meta": 1571640276228,
    "relativePath": "prefab/tiledtile.prefab"
  },
  "0d784963-d024-4ea6-a7db-03be0ad63010": {
    "asset": 1568707779000,
    "meta": 1571640276230,
    "relativePath": "prefab/toggle.prefab"
  },
  "bf0a434c-84dd-4a8e-a08a-7a36f180cc75": {
    "asset": 1568707779000,
    "meta": 1571640276233,
    "relativePath": "prefab/toggleContainer.prefab"
  },
  "d1b8be49-b0a0-435c-83b7-552bed4bbe35": {
    "asset": 1568707779000,
    "meta": 1571640276234,
    "relativePath": "prefab/toggleGroup.prefab"
  },
  "232d2782-c4bd-4bb4-9e01-909f03d6d3b9": {
    "asset": 1568707779000,
    "meta": 1571640276245,
    "relativePath": "prefab/videoplayer.prefab"
  },
  "8c5001fd-07ee-4a4b-a8a0-63e15195e94d": {
    "asset": 1568707779000,
    "meta": 1571640276246,
    "relativePath": "prefab/webview.prefab"
  },
  "e02bfb55-e2e8-474d-adcd-be05325b393a": {
    "asset": 1561791188000,
    "meta": 1561791169000,
    "relativePath": "scene"
  },
  "ffcffec3-a4dc-41f6-92d2-88ab3fb2df93": {
    "asset": 1571642300527,
    "meta": 1571642300533,
    "relativePath": "scene/first.fire"
  },
  "0511b3cd-d4f7-4e5e-9cac-63cedeb6adbf": {
    "asset": 1563099636000,
    "meta": 1561791269000,
    "relativePath": "script"
  },
  "5081ce97-b036-498a-ba26-2fb7eafeff4e": {
    "asset": 1561794225000,
    "meta": 1561793995000,
    "relativePath": "script/model"
  },
  "7847e92d-f163-4332-931b-075ef25ee72a": {
    "asset": 1563096418000,
    "meta": 1561794735000,
    "relativePath": "script/view"
  },
  "23a10e11-f269-42e8-bf60-7c07e820c962": {
    "asset": 1561883602000,
    "meta": 1561883414000,
    "relativePath": "script/view/first"
  },
  "78684ef3-5f13-4c98-8d60-8cad6f20d561": {
    "asset": 1561883942000,
    "meta": 1561883927000,
    "relativePath": "resources"
  },
  "8aaa8c45-dc67-4a92-9cee-ec1dc2112b14": {
    "asset": 1563096628000,
    "meta": 1561883939000,
    "relativePath": "resources/prefabs"
  },
  "27432472-e54f-4dee-ad66-dd94ea4db0b9": {
    "asset": 1571640279600,
    "meta": 1571640279601,
    "relativePath": "resources/prefabs/first_view.prefab"
  },
  "25690e0f-d2b8-465b-bade-c5612b1bab88": {
    "asset": 1571640279604,
    "meta": 1571640279605,
    "relativePath": "resources/prefabs/pop_a.prefab"
  },
  "fa7a0d00-f3ad-4864-81b3-bfa0da5e8c5e": {
    "asset": 1571640279611,
    "meta": 1571640279612,
    "relativePath": "resources/prefabs/pop_b.prefab"
  },
  "1176a5a3-ac6a-4884-bdab-3ca51ec2940a": {
    "asset": 1562510520000,
    "meta": 1562510406000,
    "relativePath": "script/view/pop_a"
  },
  "4b884c0e-7e50-4ad3-8ab9-4a732783fd91": {
    "asset": 1562511434000,
    "meta": 1562510414000,
    "relativePath": "script/view/pop_b"
  },
  "1d7a1ad5-6035-4303-a673-9b111bf18a20": {
    "asset": 1571640279043,
    "meta": 1563094338000,
    "relativePath": "libs"
  },
  "2efdb0ca-ff31-468d-b5bb-a0f7c694bffb": {
    "asset": 1563096442000,
    "meta": 1563096414000,
    "relativePath": "script/view/second"
  },
  "e260dd3f-2539-404c-9d80-9250ef006bdc": {
    "asset": 1571640279614,
    "meta": 1571640279614,
    "relativePath": "resources/prefabs/second_view.prefab"
  },
  "10c7c378-c67b-4a62-9cff-75952dd40e53": {
    "asset": 1563098331000,
    "meta": 1563098305000,
    "relativePath": "script/command"
  },
  "1ab7709b-2f40-42ff-8581-c74c43b9e59b": {
    "asset": 1563098965000,
    "meta": 1571640279633,
    "relativePath": "script/command/PlayerCommand.ts"
  },
  "df25cdb5-891d-4cd6-970d-e1a2b053426c": {
    "asset": 1563099903000,
    "meta": 1571640279680,
    "relativePath": "script/Notification.ts"
  },
  "9836134e-b892-4283-b6b2-78b5acf3ed45": {
    "asset": 1568707779000,
    "meta": 1568707779000,
    "relativePath": "effects"
  },
  "430eccbf-bf2c-4e6e-8c0c-884bbb487f32": {
    "asset": 1568707779000,
    "meta": 1571640275890,
    "relativePath": "effects/__builtin-editor-gizmo-line.effect"
  },
  "6c5cf6e1-b044-4eac-9431-835644d57381": {
    "asset": 1568707779000,
    "meta": 1571640275917,
    "relativePath": "effects/__builtin-editor-gizmo-unlit.effect"
  },
  "115286d1-2e10-49ee-aab4-341583f607e8": {
    "asset": 1568707779000,
    "meta": 1571640275969,
    "relativePath": "effects/__builtin-editor-gizmo.effect"
  },
  "abc2cb62-7852-4525-a90d-d474487b88f2": {
    "asset": 1568707779000,
    "meta": 1571640275973,
    "relativePath": "effects/builtin-phong.effect"
  },
  "5c3eedba-6c41-4c0c-9ba7-d91f813cbd1c": {
    "asset": 1568707779000,
    "meta": 1568707779000,
    "relativePath": "materials"
  },
  "c4480a0a-6ac5-443f-8b40-361a14257fc8": {
    "asset": 1568707779000,
    "meta": 1571640276148,
    "relativePath": "materials/builtin-phong.mtl"
  },
  "db019bf7-f71c-4111-98cf-918ea180cb48": {
    "asset": 1568707779000,
    "meta": 1568707779000,
    "relativePath": "model"
  },
  "e39e96e6-6f6e-413f-bcf1-ac7679bb648a": {
    "asset": 1568707779000,
    "meta": 1568707779000,
    "relativePath": "model/prefab"
  },
  "a87cc147-01b2-43f8-8e42-a7ca90b0c757": {
    "asset": 1568707779000,
    "meta": 1571640276159,
    "relativePath": "model/prefab/box.prefab"
  },
  "fe1417b6-fe6b-46a4-ae7c-9fd331f33a2a": {
    "asset": 1568707779000,
    "meta": 1571640276160,
    "relativePath": "model/prefab/capsule.prefab"
  },
  "b5fc2cf2-7942-483d-be1f-bbeadc4714ad": {
    "asset": 1568707779000,
    "meta": 1571640276161,
    "relativePath": "model/prefab/cone.prefab"
  },
  "1c5e4038-953a-44c2-b620-0bbfc6170477": {
    "asset": 1568707779000,
    "meta": 1571640276163,
    "relativePath": "model/prefab/cylinder.prefab"
  },
  "3f376125-a699-40ca-ad05-04d662eaa1f2": {
    "asset": 1568707779000,
    "meta": 1571640276164,
    "relativePath": "model/prefab/plane.prefab"
  },
  "6c9ef10d-b479-420b-bfe6-39cdda6a8ae0": {
    "asset": 1568707779000,
    "meta": 1571640276165,
    "relativePath": "model/prefab/quad.prefab"
  },
  "2d9a4b85-b0ab-4c46-84c5-18f393ab2058": {
    "asset": 1568707779000,
    "meta": 1571640276167,
    "relativePath": "model/prefab/sphere.prefab"
  },
  "de510076-056b-484f-b94c-83bef217d0e1": {
    "asset": 1568707779000,
    "meta": 1571640276185,
    "relativePath": "model/prefab/torus.prefab"
  },
  "897ef7a1-4860-4f64-968d-f5924b18668a": {
    "asset": 1568707779000,
    "meta": 1571640276204,
    "relativePath": "prefab/camera.prefab"
  },
  "ddb99b39-7004-47cd-9705-751905c43c46": {
    "asset": 1568707779000,
    "meta": 1571640276210,
    "relativePath": "prefab/light.prefab"
  },
  "d8afc78c-4eac-4a9f-83dd-67bc70344d33": {
    "asset": 1568707779000,
    "meta": 1568707779000,
    "relativePath": "resources"
  },
  "294c1663-4adf-4a1e-a795-53808011a38a": {
    "asset": 1568707779000,
    "meta": 1568707779000,
    "relativePath": "resources/effects"
  },
  "144c3297-af63-49e8-b8ef-1cfa29b3be28": {
    "asset": 1568707779000,
    "meta": 1571640276252,
    "relativePath": "resources/effects/builtin-2d-gray-sprite.effect"
  },
  "0e93aeaa-0b53-4e40-b8e0-6268b4e07bd7": {
    "asset": 1568707779000,
    "meta": 1571640276257,
    "relativePath": "resources/effects/builtin-2d-spine.effect"
  },
  "2874f8dd-416c-4440-81b7-555975426e93": {
    "asset": 1568707779000,
    "meta": 1571640276262,
    "relativePath": "resources/effects/builtin-2d-sprite.effect"
  },
  "c0040c95-c57f-49cd-9cbc-12316b73d0d4": {
    "asset": 1568707779000,
    "meta": 1571640276270,
    "relativePath": "resources/effects/builtin-clear-stencil.effect"
  },
  "79eafaef-b7ef-45d9-9c3f-591dc836fc7a": {
    "asset": 1568707779000,
    "meta": 1571640276304,
    "relativePath": "resources/effects/builtin-unlit-transparent.effect"
  },
  "6d91e591-4ce0-465c-809f-610ec95019c6": {
    "asset": 1568707779000,
    "meta": 1571640276321,
    "relativePath": "resources/effects/builtin-unlit.effect"
  },
  "bbee2217-c261-49bd-a8ce-708d6bcc3500": {
    "asset": 1568707779000,
    "meta": 1568707779000,
    "relativePath": "resources/materials"
  },
  "6f801092-0c37-4f30-89ef-c8d960825b36": {
    "asset": 1568707779000,
    "meta": 1571640276326,
    "relativePath": "resources/materials/builtin-2d-base.mtl"
  },
  "3a7bb79f-32fd-422e-ada2-96f518fed422": {
    "asset": 1568707779000,
    "meta": 1571640276331,
    "relativePath": "resources/materials/builtin-2d-gray-sprite.mtl"
  },
  "7afd064b-113f-480e-b793-8817d19f63c3": {
    "asset": 1568707779000,
    "meta": 1571640276339,
    "relativePath": "resources/materials/builtin-2d-spine.mtl"
  },
  "eca5d2f2-8ef6-41c2-bbe6-f9c79d09c432": {
    "asset": 1568707779000,
    "meta": 1571640276341,
    "relativePath": "resources/materials/builtin-2d-sprite.mtl"
  },
  "cf7e0bb8-a81c-44a9-ad79-d28d43991032": {
    "asset": 1568707779000,
    "meta": 1571640276343,
    "relativePath": "resources/materials/builtin-clear-stencil.mtl"
  },
  "2a296057-247c-4a1c-bbeb-0548b6c98650": {
    "asset": 1568707779000,
    "meta": 1571640276347,
    "relativePath": "resources/materials/builtin-unlit.mtl"
  },
  "954fec8b-cd16-4bb9-a3b7-7719660e7558": {
    "asset": 1568707779000,
    "meta": 1571640279028,
    "relativePath": "model/primitives.fbx"
  },
  "b8b3fb7a-b104-4398-ad73-5beaea0050c0": {
    "asset": 1571640438168,
    "meta": 1571640438149,
    "relativePath": "libs/core"
  },
  "06d09ecb-31bb-463d-a5e3-2d213fa4bf3e": {
    "asset": 1571640438150,
    "meta": 1571640438149,
    "relativePath": "libs/core/base"
  },
  "b1d8b8ed-095f-47f4-80fb-e43841fbd65d": {
    "asset": 1571640438150,
    "meta": 1571640438150,
    "relativePath": "libs/core/data_structure"
  },
  "36c33d92-5bb3-47b4-9e12-c7c9c311df29": {
    "asset": 1567589196011,
    "meta": 1571640438363,
    "relativePath": "libs/core/base/SingleBase.ts"
  },
  "2cf15d4f-cb51-4c60-8e14-90212016961d": {
    "asset": 1571640438151,
    "meta": 1571640438150,
    "relativePath": "libs/core/data_structure/tree"
  },
  "962e0682-d80a-4664-b479-1c357b761046": {
    "asset": 1567085318629,
    "meta": 1571640438426,
    "relativePath": "libs/core/data_structure/tree/MultiwayTree.ts"
  },
  "0eb49a40-e876-4b64-b4f9-b07e33d188bf": {
    "asset": 1567083591690,
    "meta": 1571640438427,
    "relativePath": "libs/core/data_structure/tree/TreeNode.ts"
  },
  "b238dd72-cab6-45cc-acee-97e6d6c55982": {
    "asset": 1571640438153,
    "meta": 1571640438151,
    "relativePath": "libs/core/load"
  },
  "d0d043fb-bc7b-42dc-b572-e2861fdd467f": {
    "asset": 1571640438152,
    "meta": 1571640438151,
    "relativePath": "libs/core/load/atlas"
  },
  "a363084f-ee67-4e3d-b8a9-83d92185c5e9": {
    "asset": 1569728376158,
    "meta": 1571640438489,
    "relativePath": "libs/core/load/atlas/AtlasManager.ts"
  },
  "209db597-315c-4cbc-bc7c-fc12687b1a01": {
    "asset": 1569728161499,
    "meta": 1571640438489,
    "relativePath": "libs/core/load/atlas/ITAtlas.ts"
  },
  "580168eb-c8c9-4b17-a232-5e20353a8bfd": {
    "asset": 1571640438153,
    "meta": 1571640438152,
    "relativePath": "libs/core/load/config"
  },
  "f0dd9e92-7e18-4b40-937a-2dc3230dc87f": {
    "asset": 1569728161492,
    "meta": 1571640438536,
    "relativePath": "libs/core/load/config/ConfigBase.ts"
  },
  "b0b6e564-e758-4824-86e6-ae184ac44660": {
    "asset": 1569728161491,
    "meta": 1571640438539,
    "relativePath": "libs/core/load/config/ConfigManager.ts"
  },
  "9b77f0a6-4308-465d-b235-651297d84abd": {
    "asset": 1571640438155,
    "meta": 1571640438153,
    "relativePath": "libs/core/load/loader"
  },
  "14538bc5-48b4-4272-8ebf-855e3c966bfb": {
    "asset": 1571640438155,
    "meta": 1571640438153,
    "relativePath": "libs/core/load/loader/base"
  },
  "922cc59f-d169-404a-9e29-e88dbd9f3f37": {
    "asset": 1568185793042,
    "meta": 1571640438575,
    "relativePath": "libs/core/load/loader/base/AtlasLoader.ts"
  },
  "508d0fe3-2533-4f91-b4d5-928dc34bce6f": {
    "asset": 1569728161506,
    "meta": 1571640438591,
    "relativePath": "libs/core/load/loader/base/BaseLoader.ts"
  },
  "3d4b0fb1-22d1-48bd-a3fe-38a35b107d5e": {
    "asset": 1568185763440,
    "meta": 1571640438603,
    "relativePath": "libs/core/load/loader/base/ImageLoader.ts"
  },
  "4bb5896e-febc-48fe-a5ab-25125cdaa6d9": {
    "asset": 1568187044305,
    "meta": 1571640438619,
    "relativePath": "libs/core/load/loader/base/JsonLoader.ts"
  },
  "92ac1e1c-0ea7-481f-b569-e72a8be795f4": {
    "asset": 1568186396060,
    "meta": 1571640438628,
    "relativePath": "libs/core/load/loader/base/PrefabLoader.ts"
  },
  "99afa4e8-9f22-48ee-af15-2eeb310c1999": {
    "asset": 1568186723905,
    "meta": 1571640438650,
    "relativePath": "libs/core/load/loader/base/TextLoader.ts"
  },
  "2daa6ec7-dbeb-4ea3-b216-2cc4aea2f4e5": {
    "asset": 1571640438166,
    "meta": 1571640438155,
    "relativePath": "libs/core/mvc"
  },
  "10f36dfe-a824-45cc-8de2-a220bff139bb": {
    "asset": 1569727816460,
    "meta": 1571640438653,
    "relativePath": "libs/core/load/loader/ITResourceLoader.ts"
  },
  "5a00d6d8-4023-4bc7-9a11-e3ee5a06a9cd": {
    "asset": 1571640438160,
    "meta": 1571640438156,
    "relativePath": "libs/core/mvc/base"
  },
  "98188771-fc80-46ec-acf9-77ea2079acec": {
    "asset": 1569728161492,
    "meta": 1571640438693,
    "relativePath": "libs/core/mvc/base/BaseCommand.ts"
  },
  "8a26c76f-7da2-4c68-a7b4-2b3fa088e297": {
    "asset": 1570870958942,
    "meta": 1571640438707,
    "relativePath": "libs/core/mvc/base/BaseMediator.ts"
  },
  "ccf119c6-5d4a-4818-9247-dfa2b8bda77e": {
    "asset": 1569728161492,
    "meta": 1571640438720,
    "relativePath": "libs/core/mvc/base/BaseModel.ts"
  },
  "88c65d21-ac28-4e42-b8fa-132fc6eaa25c": {
    "asset": 1569738955265,
    "meta": 1571640438754,
    "relativePath": "libs/core/mvc/base/BaseScene.ts"
  },
  "33e44c9f-7e7c-401a-87b8-0065f5b0af75": {
    "asset": 1569745841794,
    "meta": 1571640438796,
    "relativePath": "libs/core/mvc/base/BaseView.ts"
  },
  "10e4fad6-7aaf-488a-9f5b-09446c9b53e3": {
    "asset": 1569728161492,
    "meta": 1571640438797,
    "relativePath": "libs/core/mvc/base/ViewEvent.ts"
  },
  "8a51f500-a116-4b9d-bc38-5d4780ce8c77": {
    "asset": 1571640438165,
    "meta": 1571640438161,
    "relativePath": "libs/core/mvc/command"
  },
  "a23b5d69-18e5-407d-ad82-1b72cf70007f": {
    "asset": 1569728161491,
    "meta": 1571640438848,
    "relativePath": "libs/core/mvc/command/AsyncMacroCommand.ts"
  },
  "b4736dc5-f69b-4f50-b117-e1ccc8371b93": {
    "asset": 1569728161492,
    "meta": 1571640438864,
    "relativePath": "libs/core/mvc/command/MacroCommand.ts"
  },
  "01afa7c3-50c9-4d45-86c5-fb637f6f0281": {
    "asset": 1569728161492,
    "meta": 1571640438875,
    "relativePath": "libs/core/mvc/command/SimpleCommand.ts"
  },
  "6be58ee9-bc13-4636-aa65-fac978dce266": {
    "asset": 1569728161492,
    "meta": 1571640438880,
    "relativePath": "libs/core/mvc/command/SyncMacroCommand.ts"
  },
  "967c5189-a148-4481-a7e2-66e0b4978889": {
    "asset": 1561779891551,
    "meta": 1571640438918,
    "relativePath": "libs/core/mvc/Constants.ts"
  },
  "f64cd83c-5949-4d55-8228-8b37dae57ec8": {
    "asset": 1566975137967,
    "meta": 1571640438919,
    "relativePath": "libs/core/mvc/Facade.ts"
  },
  "82aef9a2-5f5e-446a-95c1-3a2ce8927ddd": {
    "asset": 1571640438168,
    "meta": 1571640438166,
    "relativePath": "libs/core/mvc/manager"
  },
  "f8b7c9c5-b78c-4bdb-bd10-fbd94a0935c4": {
    "asset": 1569728161491,
    "meta": 1571640438965,
    "relativePath": "libs/core/mvc/manager/CommandManager.ts"
  },
  "2e000337-56e9-4e30-873c-65a1066044ca": {
    "asset": 1569728161491,
    "meta": 1571640438980,
    "relativePath": "libs/core/mvc/manager/ModelManager.ts"
  },
  "d1a9dd59-ef16-4b5f-a6e6-b4fad51ac19f": {
    "asset": 1570871250173,
    "meta": 1571640439046,
    "relativePath": "libs/core/mvc/manager/NotificationManager.ts"
  },
  "04d72903-72c4-469c-a76d-165ffe1ea5e5": {
    "asset": 1569728161490,
    "meta": 1571640439047,
    "relativePath": "libs/core/mvc/manager/ViewManager.ts"
  },
  "4f794b34-7add-4a31-851f-0cf797f47ebd": {
    "asset": 1571640438170,
    "meta": 1571640438168,
    "relativePath": "libs/core/util"
  },
  "a35336fe-84a3-4abb-98f4-89145b0c3814": {
    "asset": 1569728161491,
    "meta": 1571640439071,
    "relativePath": "libs/core/util/ArrayUtil.ts"
  },
  "a1e27f7f-504d-4ae7-8efc-4893fc4202a7": {
    "asset": 1569728161491,
    "meta": 1571640439093,
    "relativePath": "libs/core/util/JSUtil.ts"
  },
  "2b69f4ee-4bc0-4c3f-96c1-fe6624909876": {
    "asset": 1569728161490,
    "meta": 1571640439103,
    "relativePath": "libs/core/util/LogUtil.ts"
  },
  "7a3ece54-9fb2-4bcd-a47c-492160f0a5df": {
    "asset": 1566628240340,
    "meta": 1571640439115,
    "relativePath": "libs/core/util/README.md"
  },
  "e9cf9819-1d51-4eca-95b4-04d940b95548": {
    "asset": 1571640438172,
    "meta": 1571640438172,
    "relativePath": "libs/extension"
  },
  "8c240734-fd35-41e8-8d6d-3f1d28d57646": {
    "asset": 1569737406572,
    "meta": 1571640439119,
    "relativePath": "libs/core/util/UIUtils.ts"
  },
  "048d8429-ddf1-414d-ad5c-6d4a98e24007": {
    "asset": 1571640438173,
    "meta": 1571640438172,
    "relativePath": "libs/extension/path"
  },
  "b1425684-524f-4a1b-8b34-63415a0f262e": {
    "asset": 1569738399621,
    "meta": 1571640439188,
    "relativePath": "libs/extension/path/ITAreaPath.ts"
  },
  "e2d9e80f-d436-49a4-aed0-e60680fae1af": {
    "asset": 1569738340303,
    "meta": 1571640439203,
    "relativePath": "libs/extension/path/ITMapPos.ts"
  },
  "24d915a0-dc78-4173-88db-4761b6b67841": {
    "asset": 1569742349038,
    "meta": 1571640439215,
    "relativePath": "libs/Framework.ts"
  },
  "a8cb85bf-c85f-45b1-ae3a-c29d72411e45": {
    "asset": 1569742357536,
    "meta": 1571640439216,
    "relativePath": "libs/FrameworkCfg.ts"
  },
  "b821e40e-3a8a-4b5c-8eed-159808219920": {
    "asset": 1571640438180,
    "meta": 1571640438178,
    "relativePath": "libs/mvc_ex"
  },
  "1998f508-8daa-48d6-bfbe-11b6297cdbc2": {
    "asset": 1571640438180,
    "meta": 1571640438179,
    "relativePath": "libs/mvc_ex/base"
  },
  "b1b8aed4-a388-4f8b-9cc5-7ccbf47d40ed": {
    "asset": 1570872162856,
    "meta": 1571640439268,
    "relativePath": "libs/mvc_ex/base/GameComponent.ts"
  },
  "02b765c2-712e-4dc8-9bc0-a4df36c1dff9": {
    "asset": 1570723360699,
    "meta": 1571640439271,
    "relativePath": "libs/mvc_ex/base/GameMediator.ts"
  },
  "9e1c7987-022b-4489-89f1-36e7e7a97dd7": {
    "asset": 1566286148624,
    "meta": 1571640439288,
    "relativePath": "libs/mvc_ex/base/GameScene.ts"
  },
  "eb385f03-d1d4-470f-a209-ee3541b4fc7a": {
    "asset": 1570786791228,
    "meta": 1571640439289,
    "relativePath": "libs/mvc_ex/base/GameView.ts"
  },
  "fdff69b7-dd09-43d5-aa3c-d91eb4a40308": {
    "asset": 1571640438181,
    "meta": 1571640438180,
    "relativePath": "libs/mvc_ex/command"
  },
  "246524b4-b9a4-41be-8064-5f3012e28c1c": {
    "asset": 1569728161491,
    "meta": 1571640439347,
    "relativePath": "libs/mvc_ex/command/LoadLayersCmd.ts"
  },
  "6e936c5f-b52a-4a0e-8f1d-9c4afb0928a4": {
    "asset": 1569728161492,
    "meta": 1571640439347,
    "relativePath": "libs/mvc_ex/command/LoadPopViewsCmd.ts"
  },
  "4acc8e90-cd1f-49ee-a97f-e9abbc4d7b93": {
    "asset": 1571640803143,
    "meta": 1571640981509,
    "relativePath": "script/NativeScene.ts"
  },
  "6244c768-1b99-4a2c-a231-2030d319d140": {
    "asset": 1571640929382,
    "meta": 1571640981516,
    "relativePath": "script/view/DefaultScene.ts"
  },
  "ad3270d3-9cc4-49a7-8e31-3a4f508fc095": {
    "asset": 1571640911795,
    "meta": 1571640981538,
    "relativePath": "script/view/DefaultSceneMediator.ts"
  },
  "ee3c878e-9cff-4739-86e4-9381602f958e": {
    "asset": 1571641748859,
    "meta": 1571641831731,
    "relativePath": "script/model/PlayerModel.ts"
  },
  "fd0a7f7d-3075-44ae-bfda-9ea3baec55cf": {
    "asset": 1571641651206,
    "meta": 1571641831781,
    "relativePath": "script/view/first/FirstMediator.ts"
  },
  "66072269-b570-4774-b180-2a680bc7e07d": {
    "asset": 1571641808493,
    "meta": 1571641831815,
    "relativePath": "script/view/pop_a/PopAMediator.ts"
  },
  "48e78e3b-1e60-4515-b8b6-948fe9c627a1": {
    "asset": 1571641663287,
    "meta": 1571641831825,
    "relativePath": "script/view/pop_a/PopAView.ts"
  },
  "c86f9000-2457-4040-81c3-76804e2ae62a": {
    "asset": 1571641822717,
    "meta": 1571641831846,
    "relativePath": "script/view/pop_b/PopBMediator.ts"
  },
  "1492da40-ea28-4831-b836-7a904a583aa7": {
    "asset": 1571641791444,
    "meta": 1571641831856,
    "relativePath": "script/view/pop_b/PopBView.ts"
  },
  "bc0981e5-3e1f-4f9b-9f69-0a75cc8c4289": {
    "asset": 1571641192242,
    "meta": 1571641831871,
    "relativePath": "script/view/SecondScene.ts"
  },
  "65d3298b-c1d9-404a-b92e-bf53ed8caac4": {
    "asset": 1571641356038,
    "meta": 1571641831872,
    "relativePath": "script/view/SecondSceneMediator.ts"
  },
  "fa50905f-c653-4fae-86da-1d9c37420351": {
    "asset": 1571641874217,
    "meta": 1571641892513,
    "relativePath": "script/view/second/SecondView.ts"
  },
  "4ab33015-1cbc-452a-b732-ea54a31a8fee": {
    "asset": 1571642211818,
    "meta": 1571642213514,
    "relativePath": "script/SceneCfg.ts"
  },
  "6a3205a0-f5c4-4630-a2f4-793a34232ddb": {
    "asset": 1571642136932,
    "meta": 1571642213529,
    "relativePath": "script/view/first/FirstView.ts"
  },
  "a079b155-5deb-47ca-aea1-31a1f2e018e9": {
    "asset": 1571642026001,
    "meta": 1571642213545,
    "relativePath": "script/view/second/SecondMediator.ts"
  },
  "fa743511-dca6-43a5-9fc7-b498bdd1f6fc": {
    "asset": 1571642126715,
    "meta": 1571642213552,
    "relativePath": "script/view/first/TopMediator.ts"
  },
  "6e86d519-118d-4b5c-8f57-c7a0ab5d75bc": {
    "asset": 1571642295524,
    "meta": 1571642295529,
    "relativePath": "resources/prefabs/top_view.prefab"
  },
  "17bb0ec1-87c3-41e3-8a9a-08fe2282c3e6": {
    "asset": 1571642313204,
    "meta": 1571642315972,
    "relativePath": "script/view/first/TopView.ts"
  }
}