{
  "f8e6b000-5643-4b86-9080-aa680ce1f599": {
    "asset": 1571297020000,
    "meta": 1571297020000,
    "relativePath": "image"
  },
  "71561142-4c83-4933-afca-cb7a17f67053": {
    "asset": 1571297020000,
    "meta": 1573388160121,
    "relativePath": "image/default_btn_disabled.png"
  },
  "e851e89b-faa2-4484-bea6-5c01dd9f06e2": {
    "asset": 1571297020000,
    "meta": 1573388160122,
    "relativePath": "image/default_btn_normal.png"
  },
  "b43ff3c2-02bb-4874-81f7-f2dea6970f18": {
    "asset": 1571297020000,
    "meta": 1573388160129,
    "relativePath": "image/default_btn_pressed.png"
  },
  "edd215b9-2796-4a05-aaf5-81f96c9281ce": {
    "asset": 1571297020000,
    "meta": 1573388160130,
    "relativePath": "image/default_editbox_bg.png"
  },
  "d81ec8ad-247c-4e62-aa3c-d35c4193c7af": {
    "asset": 1571297020000,
    "meta": 1573388160136,
    "relativePath": "image/default_panel.png"
  },
  "99170b0b-d210-46f1-b213-7d9e3f23098a": {
    "asset": 1571297020000,
    "meta": 1573388160137,
    "relativePath": "image/default_progressbar_bg.png"
  },
  "cfef78f1-c8df-49b7-8ed0-4c953ace2621": {
    "asset": 1571297020000,
    "meta": 1573388160144,
    "relativePath": "image/default_progressbar.png"
  },
  "567dcd80-8bf4-4535-8a5a-313f1caf078a": {
    "asset": 1571297020000,
    "meta": 1573388160146,
    "relativePath": "image/default_radio_button_off.png"
  },
  "9d60001f-b5f4-4726-a629-2659e3ded0b8": {
    "asset": 1571297020000,
    "meta": 1573388160154,
    "relativePath": "image/default_radio_button_on.png"
  },
  "4bab67cb-18e6-4099-b840-355f0473f890": {
    "asset": 1571297020000,
    "meta": 1573388160155,
    "relativePath": "image/default_scrollbar_bg.png"
  },
  "617323dd-11f4-4dd3-8eec-0caf6b3b45b9": {
    "asset": 1571297020000,
    "meta": 1573388160161,
    "relativePath": "image/default_scrollbar_vertical_bg.png"
  },
  "d6d3ca85-4681-47c1-b5dd-d036a9d39ea2": {
    "asset": 1571297020000,
    "meta": 1573388160162,
    "relativePath": "image/default_scrollbar_vertical.png"
  },
  "0275e94c-56a7-410f-bd1a-fc7483f7d14a": {
    "asset": 1571297020000,
    "meta": 1573388160168,
    "relativePath": "image/default_sprite_splash.png"
  },
  "0291c134-b3da-4098-b7b5-e397edbe947f": {
    "asset": 1571297020000,
    "meta": 1573388160169,
    "relativePath": "image/default_scrollbar.png"
  },
  "6e056173-d285-473c-b206-40a7fff5386e": {
    "asset": 1571297020000,
    "meta": 1573388160176,
    "relativePath": "image/default_sprite.png"
  },
  "73a0903d-d80e-4e3c-aa67-f999543c08f5": {
    "asset": 1571297020000,
    "meta": 1573388160179,
    "relativePath": "image/default_toggle_checkmark.png"
  },
  "c25b9d50-c8fc-4d27-beeb-6e7c1f2e5c0f": {
    "asset": 1571297020000,
    "meta": 1573388160187,
    "relativePath": "image/default_toggle_disabled.png"
  },
  "d29077ba-1627-4a72-9579-7b56a235340c": {
    "asset": 1571297020000,
    "meta": 1573388160187,
    "relativePath": "image/default_toggle_normal.png"
  },
  "fc09f9bd-2cce-4605-b630-8145ef809ed6": {
    "asset": 1571297020000,
    "meta": 1571297020000,
    "relativePath": "misc"
  },
  "b181c1e4-0a72-4a91-bfb0-ae6f36ca60bd": {
    "asset": 1571297020000,
    "meta": 1573388160197,
    "relativePath": "image/default_toggle_pressed.png"
  },
  "f6e6dd15-71d1-4ffe-ace7-24fd39942c05": {
    "asset": 1571297020000,
    "meta": 1571297020000,
    "relativePath": "obsolete"
  },
  "2be36297-9abb-4fee-8049-9ed5e271da8a": {
    "asset": 1571297020000,
    "meta": 1573388160198,
    "relativePath": "misc/default_video.mp4"
  },
  "f743d2b6-b7ea-4c14-a55b-547ed4d0a045": {
    "asset": 1571297020000,
    "meta": 1571297020000,
    "relativePath": "particle"
  },
  "b8223619-7e38-47c4-841f-9160c232495a": {
    "asset": 1571297020000,
    "meta": 1573388160420,
    "relativePath": "obsolete/atom.plist"
  },
  "b2687ac4-099e-403c-a192-ff477686f4f5": {
    "asset": 1571297020000,
    "meta": 1573388160421,
    "relativePath": "particle/atom.plist"
  },
  "8a96b965-2dc0-4e03-aa90-3b79cb93b5b4": {
    "asset": 1571297020000,
    "meta": 1573388160247,
    "relativePath": "obsolete/atom.png"
  },
  "ae6c6c98-11e4-452f-8758-75f5c6a56e83": {
    "asset": 1571297020000,
    "meta": 1571297020000,
    "relativePath": "prefab"
  },
  "972b9a4d-47ee-4c74-b5c3-61d8a69bc29f": {
    "asset": 1571297020000,
    "meta": 1573388160258,
    "relativePath": "prefab/button.prefab"
  },
  "d0a82d39-bede-46c4-b698-c81ff0dedfff": {
    "asset": 1571297020000,
    "meta": 1573388160256,
    "relativePath": "particle/atom.png"
  },
  "2c937608-2562-40ea-b264-7395df6f0cea": {
    "asset": 1571297020000,
    "meta": 1573388160261,
    "relativePath": "prefab/canvas.prefab"
  },
  "61aeb05b-3b32-452b-8eed-2b76deeed554": {
    "asset": 1571297020000,
    "meta": 1573388160262,
    "relativePath": "prefab/editbox.prefab"
  },
  "27756ebb-3d33-44b0-9b96-e858fadd4dd4": {
    "asset": 1571297020000,
    "meta": 1573388160263,
    "relativePath": "prefab/label.prefab"
  },
  "785a442c-3ceb-45be-a46e-7317f625f3b9": {
    "asset": 1571297020000,
    "meta": 1573388160265,
    "relativePath": "prefab/layout.prefab"
  },
  "ca8401fe-ad6e-41a8-bd46-8e3e4e9945be": {
    "asset": 1571297020000,
    "meta": 1573388160271,
    "relativePath": "prefab/pageview.prefab"
  },
  "cd33edea-55f5-46c2-958d-357a01384a36": {
    "asset": 1571297020000,
    "meta": 1573388160272,
    "relativePath": "prefab/particlesystem.prefab"
  },
  "5965ffac-69da-4b55-bcde-9225d0613c28": {
    "asset": 1571297020000,
    "meta": 1573388160273,
    "relativePath": "prefab/progressBar.prefab"
  },
  "4a37dd57-78cd-4cec-aad4-f11a73d12b63": {
    "asset": 1571297020000,
    "meta": 1573388160275,
    "relativePath": "prefab/richtext.prefab"
  },
  "32044bd2-481f-4cf1-a656-e2b2fb1594eb": {
    "asset": 1571297020000,
    "meta": 1573388160276,
    "relativePath": "prefab/scrollview.prefab"
  },
  "0004d1cf-a0ad-47d8-ab17-34d3db9d35a3": {
    "asset": 1571297020000,
    "meta": 1573388160278,
    "relativePath": "prefab/slider.prefab"
  },
  "1f55e3be-b89b-4b79-88de-47fd31018044": {
    "asset": 1571297020000,
    "meta": 1573388160279,
    "relativePath": "prefab/sprite_splash.prefab"
  },
  "96083d03-c332-4a3f-9386-d03e2d19e8ee": {
    "asset": 1571297020000,
    "meta": 1573388160280,
    "relativePath": "prefab/sprite.prefab"
  },
  "7de03a80-4457-438d-95a7-3e7cdffd6086": {
    "asset": 1571297020000,
    "meta": 1573388160281,
    "relativePath": "prefab/tiledmap.prefab"
  },
  "0e42ba95-1fa1-46aa-b2cf-143cd1bcee2c": {
    "asset": 1571297020000,
    "meta": 1573388160282,
    "relativePath": "prefab/tiledtile.prefab"
  },
  "0d784963-d024-4ea6-a7db-03be0ad63010": {
    "asset": 1571297020000,
    "meta": 1573388160283,
    "relativePath": "prefab/toggle.prefab"
  },
  "bf0a434c-84dd-4a8e-a08a-7a36f180cc75": {
    "asset": 1571297020000,
    "meta": 1573388160285,
    "relativePath": "prefab/toggleContainer.prefab"
  },
  "d1b8be49-b0a0-435c-83b7-552bed4bbe35": {
    "asset": 1571297020000,
    "meta": 1573388160287,
    "relativePath": "prefab/toggleGroup.prefab"
  },
  "232d2782-c4bd-4bb4-9e01-909f03d6d3b9": {
    "asset": 1571297020000,
    "meta": 1573388160288,
    "relativePath": "prefab/videoplayer.prefab"
  },
  "8c5001fd-07ee-4a4b-a8a0-63e15195e94d": {
    "asset": 1571297020000,
    "meta": 1573388160290,
    "relativePath": "prefab/webview.prefab"
  },
  "e02bfb55-e2e8-474d-adcd-be05325b393a": {
    "asset": 1561791188000,
    "meta": 1561791169000,
    "relativePath": "scene"
  },
  "ffcffec3-a4dc-41f6-92d2-88ab3fb2df93": {
    "asset": 1573388162904,
    "meta": 1573388162905,
    "relativePath": "scene/first.fire"
  },
  "0511b3cd-d4f7-4e5e-9cac-63cedeb6adbf": {
    "asset": 1571640981000,
    "meta": 1561791269000,
    "relativePath": "script"
  },
  "5081ce97-b036-498a-ba26-2fb7eafeff4e": {
    "asset": 1561794225000,
    "meta": 1561793995000,
    "relativePath": "script/model"
  },
  "7847e92d-f163-4332-931b-075ef25ee72a": {
    "asset": 1563096418000,
    "meta": 1561794735000,
    "relativePath": "script/view"
  },
  "23a10e11-f269-42e8-bf60-7c07e820c962": {
    "asset": 1571642213000,
    "meta": 1561883414000,
    "relativePath": "script/view/first"
  },
  "78684ef3-5f13-4c98-8d60-8cad6f20d561": {
    "asset": 1561883942000,
    "meta": 1561883927000,
    "relativePath": "resources"
  },
  "8aaa8c45-dc67-4a92-9cee-ec1dc2112b14": {
    "asset": 1571642295000,
    "meta": 1561883939000,
    "relativePath": "resources/prefabs"
  },
  "27432472-e54f-4dee-ad66-dd94ea4db0b9": {
    "asset": 1573388162890,
    "meta": 1573388162891,
    "relativePath": "resources/prefabs/first_view.prefab"
  },
  "25690e0f-d2b8-465b-bade-c5612b1bab88": {
    "asset": 1573388162893,
    "meta": 1573388162893,
    "relativePath": "resources/prefabs/pop_a.prefab"
  },
  "fa7a0d00-f3ad-4864-81b3-bfa0da5e8c5e": {
    "asset": 1573388162894,
    "meta": 1573388162894,
    "relativePath": "resources/prefabs/pop_b.prefab"
  },
  "1176a5a3-ac6a-4884-bdab-3ca51ec2940a": {
    "asset": 1562510520000,
    "meta": 1562510406000,
    "relativePath": "script/view/pop_a"
  },
  "4b884c0e-7e50-4ad3-8ab9-4a732783fd91": {
    "asset": 1562511434000,
    "meta": 1562510414000,
    "relativePath": "script/view/pop_b"
  },
  "1d7a1ad5-6035-4303-a673-9b111bf18a20": {
    "asset": 1573388871569,
    "meta": 1563094338000,
    "relativePath": "libs"
  },
  "2efdb0ca-ff31-468d-b5bb-a0f7c694bffb": {
    "asset": 1563096442000,
    "meta": 1563096414000,
    "relativePath": "script/view/second"
  },
  "e260dd3f-2539-404c-9d80-9250ef006bdc": {
    "asset": 1573388162897,
    "meta": 1573388162897,
    "relativePath": "resources/prefabs/second_view.prefab"
  },
  "10c7c378-c67b-4a62-9cff-75952dd40e53": {
    "asset": 1563098331000,
    "meta": 1563098305000,
    "relativePath": "script/command"
  },
  "1ab7709b-2f40-42ff-8581-c74c43b9e59b": {
    "asset": 1563098965000,
    "meta": 1573388162914,
    "relativePath": "script/command/PlayerCommand.ts"
  },
  "df25cdb5-891d-4cd6-970d-e1a2b053426c": {
    "asset": 1563099903000,
    "meta": 1573388162932,
    "relativePath": "script/Notification.ts"
  },
  "9836134e-b892-4283-b6b2-78b5acf3ed45": {
    "asset": 1571297020000,
    "meta": 1571297020000,
    "relativePath": "effects"
  },
  "430eccbf-bf2c-4e6e-8c0c-884bbb487f32": {
    "asset": 1571297020000,
    "meta": 1573388159941,
    "relativePath": "effects/__builtin-editor-gizmo-line.effect"
  },
  "6c5cf6e1-b044-4eac-9431-835644d57381": {
    "asset": 1571297020000,
    "meta": 1573388159969,
    "relativePath": "effects/__builtin-editor-gizmo-unlit.effect"
  },
  "115286d1-2e10-49ee-aab4-341583f607e8": {
    "asset": 1571297020000,
    "meta": 1573388160032,
    "relativePath": "effects/__builtin-editor-gizmo.effect"
  },
  "abc2cb62-7852-4525-a90d-d474487b88f2": {
    "asset": 1571297020000,
    "meta": 1573388160037,
    "relativePath": "effects/builtin-phong.effect"
  },
  "5c3eedba-6c41-4c0c-9ba7-d91f813cbd1c": {
    "asset": 1571297020000,
    "meta": 1571297020000,
    "relativePath": "materials"
  },
  "c4480a0a-6ac5-443f-8b40-361a14257fc8": {
    "asset": 1571297020000,
    "meta": 1573388160190,
    "relativePath": "materials/builtin-phong.mtl"
  },
  "db019bf7-f71c-4111-98cf-918ea180cb48": {
    "asset": 1571297020000,
    "meta": 1571297020000,
    "relativePath": "model"
  },
  "e39e96e6-6f6e-413f-bcf1-ac7679bb648a": {
    "asset": 1571297020000,
    "meta": 1571297020000,
    "relativePath": "model/prefab"
  },
  "a87cc147-01b2-43f8-8e42-a7ca90b0c757": {
    "asset": 1571297020000,
    "meta": 1573388160200,
    "relativePath": "model/prefab/box.prefab"
  },
  "fe1417b6-fe6b-46a4-ae7c-9fd331f33a2a": {
    "asset": 1571297020000,
    "meta": 1573388160201,
    "relativePath": "model/prefab/capsule.prefab"
  },
  "b5fc2cf2-7942-483d-be1f-bbeadc4714ad": {
    "asset": 1571297020000,
    "meta": 1573388160203,
    "relativePath": "model/prefab/cone.prefab"
  },
  "1c5e4038-953a-44c2-b620-0bbfc6170477": {
    "asset": 1571297020000,
    "meta": 1573388160202,
    "relativePath": "model/prefab/cylinder.prefab"
  },
  "3f376125-a699-40ca-ad05-04d662eaa1f2": {
    "asset": 1571297020000,
    "meta": 1573388160204,
    "relativePath": "model/prefab/plane.prefab"
  },
  "6c9ef10d-b479-420b-bfe6-39cdda6a8ae0": {
    "asset": 1571297020000,
    "meta": 1573388160205,
    "relativePath": "model/prefab/quad.prefab"
  },
  "2d9a4b85-b0ab-4c46-84c5-18f393ab2058": {
    "asset": 1571297020000,
    "meta": 1573388160206,
    "relativePath": "model/prefab/sphere.prefab"
  },
  "de510076-056b-484f-b94c-83bef217d0e1": {
    "asset": 1571297020000,
    "meta": 1573388160235,
    "relativePath": "model/prefab/torus.prefab"
  },
  "897ef7a1-4860-4f64-968d-f5924b18668a": {
    "asset": 1571297020000,
    "meta": 1573388160260,
    "relativePath": "prefab/camera.prefab"
  },
  "ddb99b39-7004-47cd-9705-751905c43c46": {
    "asset": 1571297020000,
    "meta": 1573388160267,
    "relativePath": "prefab/light/directional.prefab"
  },
  "d8afc78c-4eac-4a9f-83dd-67bc70344d33": {
    "asset": 1571297020000,
    "meta": 1571297020000,
    "relativePath": "resources"
  },
  "294c1663-4adf-4a1e-a795-53808011a38a": {
    "asset": 1571297020000,
    "meta": 1571297020000,
    "relativePath": "resources/effects"
  },
  "144c3297-af63-49e8-b8ef-1cfa29b3be28": {
    "asset": 1571297020000,
    "meta": 1573388160296,
    "relativePath": "resources/effects/builtin-2d-gray-sprite.effect"
  },
  "0e93aeaa-0b53-4e40-b8e0-6268b4e07bd7": {
    "asset": 1571297020000,
    "meta": 1573388160302,
    "relativePath": "resources/effects/builtin-2d-spine.effect"
  },
  "2874f8dd-416c-4440-81b7-555975426e93": {
    "asset": 1571297020000,
    "meta": 1573388160309,
    "relativePath": "resources/effects/builtin-2d-sprite.effect"
  },
  "c0040c95-c57f-49cd-9cbc-12316b73d0d4": {
    "asset": 1571297020000,
    "meta": 1573388160314,
    "relativePath": "resources/effects/builtin-clear-stencil.effect"
  },
  "79eafaef-b7ef-45d9-9c3f-591dc836fc7a": {
    "asset": 1571297020000,
    "meta": 1573388160334,
    "relativePath": "resources/effects/builtin-unlit-transparent.effect"
  },
  "6d91e591-4ce0-465c-809f-610ec95019c6": {
    "asset": 1571297020000,
    "meta": 1573388160351,
    "relativePath": "resources/effects/builtin-unlit.effect"
  },
  "bbee2217-c261-49bd-a8ce-708d6bcc3500": {
    "asset": 1571297020000,
    "meta": 1571297020000,
    "relativePath": "resources/materials"
  },
  "6f801092-0c37-4f30-89ef-c8d960825b36": {
    "asset": 1571297020000,
    "meta": 1573388160353,
    "relativePath": "resources/materials/builtin-2d-base.mtl"
  },
  "3a7bb79f-32fd-422e-ada2-96f518fed422": {
    "asset": 1571297020000,
    "meta": 1573388160354,
    "relativePath": "resources/materials/builtin-2d-gray-sprite.mtl"
  },
  "7afd064b-113f-480e-b793-8817d19f63c3": {
    "asset": 1571297020000,
    "meta": 1573388160362,
    "relativePath": "resources/materials/builtin-2d-spine.mtl"
  },
  "eca5d2f2-8ef6-41c2-bbe6-f9c79d09c432": {
    "asset": 1571297020000,
    "meta": 1573388160374,
    "relativePath": "resources/materials/builtin-2d-sprite.mtl"
  },
  "cf7e0bb8-a81c-44a9-ad79-d28d43991032": {
    "asset": 1571297020000,
    "meta": 1573388160377,
    "relativePath": "resources/materials/builtin-clear-stencil.mtl"
  },
  "2a296057-247c-4a1c-bbeb-0548b6c98650": {
    "asset": 1571297020000,
    "meta": 1573388160396,
    "relativePath": "resources/materials/builtin-unlit.mtl"
  },
  "954fec8b-cd16-4bb9-a3b7-7719660e7558": {
    "asset": 1571297020000,
    "meta": 1573388162164,
    "relativePath": "model/primitives.fbx"
  },
  "b8b3fb7a-b104-4398-ad73-5beaea0050c0": {
    "asset": 1573388897289,
    "meta": 1571640438000,
    "relativePath": "libs/core"
  },
  "e9cf9819-1d51-4eca-95b4-04d940b95548": {
    "asset": 1573388897320,
    "meta": 1571640438000,
    "relativePath": "libs/extension"
  },
  "b821e40e-3a8a-4b5c-8eed-159808219920": {
    "asset": 1573388897313,
    "meta": 1571640438000,
    "relativePath": "libs/mvc_ex"
  },
  "ee3c878e-9cff-4739-86e4-9381602f958e": {
    "asset": 1571641748000,
    "meta": 1573388162923,
    "relativePath": "script/model/PlayerModel.ts"
  },
  "1492da40-ea28-4831-b836-7a904a583aa7": {
    "asset": 1571641791000,
    "meta": 1573388163024,
    "relativePath": "script/view/pop_b/PopBView.ts"
  },
  "bc0981e5-3e1f-4f9b-9f69-0a75cc8c4289": {
    "asset": 1571641192000,
    "meta": 1573388163049,
    "relativePath": "script/view/SecondScene.ts"
  },
  "65d3298b-c1d9-404a-b92e-bf53ed8caac4": {
    "asset": 1571641356000,
    "meta": 1573388163049,
    "relativePath": "script/view/SecondSceneMediator.ts"
  },
  "4ab33015-1cbc-452a-b732-ea54a31a8fee": {
    "asset": 1571642211000,
    "meta": 1573388162937,
    "relativePath": "script/SceneCfg.ts"
  },
  "fa743511-dca6-43a5-9fc7-b498bdd1f6fc": {
    "asset": 1571642126000,
    "meta": 1573388162971,
    "relativePath": "script/view/first/TopMediator.ts"
  },
  "6e86d519-118d-4b5c-8f57-c7a0ab5d75bc": {
    "asset": 1573388162895,
    "meta": 1573388162896,
    "relativePath": "resources/prefabs/top_view.prefab"
  },
  "17bb0ec1-87c3-41e3-8a9a-08fe2282c3e6": {
    "asset": 1571642313000,
    "meta": 1573388162979,
    "relativePath": "script/view/first/TopView.ts"
  },
  "a3ee0214-b432-4865-9666-4a3211814282": {
    "asset": 1571297020000,
    "meta": 1571297020000,
    "relativePath": "prefab/light"
  },
  "61906da3-7003-4bda-9abc-5769c76faee4": {
    "asset": 1571297020000,
    "meta": 1573388160266,
    "relativePath": "prefab/light/ambient.prefab"
  },
  "0cf30284-9073-46bc-9eba-e62b69dbbff3": {
    "asset": 1571297020000,
    "meta": 1573388160268,
    "relativePath": "prefab/light/point.prefab"
  },
  "f5331fd2-bf42-4ee3-a3fd-3e1657600eff": {
    "asset": 1571297020000,
    "meta": 1573388160270,
    "relativePath": "prefab/light/spot.prefab"
  },
  "06d09ecb-31bb-463d-a5e3-2d213fa4bf3e": {
    "asset": 1573388897165,
    "meta": 1573388897165,
    "relativePath": "libs/core/base"
  },
  "b1d8b8ed-095f-47f4-80fb-e43841fbd65d": {
    "asset": 1573388897168,
    "meta": 1573388897167,
    "relativePath": "libs/core/data_structure"
  },
  "b238dd72-cab6-45cc-acee-97e6d6c55982": {
    "asset": 1573388897178,
    "meta": 1573388897174,
    "relativePath": "libs/core/load"
  },
  "2daa6ec7-dbeb-4ea3-b216-2cc4aea2f4e5": {
    "asset": 1573388897235,
    "meta": 1573388897225,
    "relativePath": "libs/core/mvc"
  },
  "4f794b34-7add-4a31-851f-0cf797f47ebd": {
    "asset": 1573388897291,
    "meta": 1573388897289,
    "relativePath": "libs/core/util"
  },
  "048d8429-ddf1-414d-ad5c-6d4a98e24007": {
    "asset": 1573388897301,
    "meta": 1573388897301,
    "relativePath": "libs/extension/path"
  },
  "1998f508-8daa-48d6-bfbe-11b6297cdbc2": {
    "asset": 1573388897307,
    "meta": 1573388897305,
    "relativePath": "libs/mvc_ex/base"
  },
  "fdff69b7-dd09-43d5-aa3c-d91eb4a40308": {
    "asset": 1573388897314,
    "meta": 1573388897313,
    "relativePath": "libs/mvc_ex/command"
  },
  "24d915a0-dc78-4173-88db-4761b6b67841": {
    "asset": 1573388871575,
    "meta": 1573388898797,
    "relativePath": "libs/Framework.ts"
  },
  "a8cb85bf-c85f-45b1-ae3a-c29d72411e45": {
    "asset": 1573388871575,
    "meta": 1573388898800,
    "relativePath": "libs/FrameworkCfg.ts"
  },
  "01b4c066-3f93-4071-9cb7-6040b8b11196": {
    "asset": 1573388897323,
    "meta": 1573388897320,
    "relativePath": "libs/extension/net"
  },
  "a7b9f355-85d7-4deb-92c2-9d54c02cd344": {
    "asset": 1573388871569,
    "meta": 1573388898825,
    "relativePath": "libs/extension/net/HttpClient.ts"
  },
  "9de5882a-f4df-49da-b553-c403b62db3a4": {
    "asset": 1573388871570,
    "meta": 1573388898830,
    "relativePath": "libs/extension/net/LocalClient.ts"
  },
  "f599eff4-6619-4e16-8769-7d006e65d3f5": {
    "asset": 1573388871571,
    "meta": 1573388898834,
    "relativePath": "libs/extension/net/MessageBase.ts"
  },
  "f08693cd-259f-40c3-b434-ac45b63c3305": {
    "asset": 1573388871571,
    "meta": 1573388898854,
    "relativePath": "libs/extension/net/NetClientBase.ts"
  },
  "1a79ebe5-8ec1-41c7-9892-b7eba90c03a8": {
    "asset": 1573388871572,
    "meta": 1573388898863,
    "relativePath": "libs/extension/net/NetHelper.ts"
  },
  "6a7fc4b9-4679-4536-86d5-f6a430e82d2e": {
    "asset": 1573388871573,
    "meta": 1573388898867,
    "relativePath": "libs/extension/net/PBUtils.ts"
  },
  "cb5d2103-d617-453a-9d96-e29dde6ad9ea": {
    "asset": 1573388871573,
    "meta": 1573388898879,
    "relativePath": "libs/extension/net/WebsocketClient.ts"
  },
  "107cd2c0-76d8-4d64-8838-69fbc718b4b1": {
    "asset": 1573388897168,
    "meta": 1573388897170,
    "relativePath": "libs/core/data_structure/tree"
  },
  "2352048e-f0e8-4b3e-8776-9851b4fe633a": {
    "asset": 1573388871541,
    "meta": 1573388909922,
    "relativePath": "libs/core/base/SingleBase.ts"
  },
  "2fef10d7-3ff8-4a6c-927f-0276371eb0c3": {
    "asset": 1573388871543,
    "meta": 1573388909928,
    "relativePath": "libs/core/data_structure/tree/MultiwayTree.ts"
  },
  "d5dd3c86-f267-46fc-8a41-ed6788bb4112": {
    "asset": 1573388871543,
    "meta": 1573388909929,
    "relativePath": "libs/core/data_structure/tree/TreeNode.ts"
  },
  "80d6912a-e95a-4008-b1f6-004e49549839": {
    "asset": 1573388897175,
    "meta": 1573388897182,
    "relativePath": "libs/core/load/atlas"
  },
  "24900d51-98a0-47e2-8fd5-ff82bd0e9f70": {
    "asset": 1573388871544,
    "meta": 1573388909990,
    "relativePath": "libs/core/load/atlas/AtlasManager.ts"
  },
  "4ac450d9-faf5-461d-98c3-5fbed794c07a": {
    "asset": 1573388871545,
    "meta": 1573388909990,
    "relativePath": "libs/core/load/atlas/ITAtlas.ts"
  },
  "c905451a-d5bb-435c-9e9d-e9e04e9d90f7": {
    "asset": 1573388897177,
    "meta": 1573388897188,
    "relativePath": "libs/core/load/config"
  },
  "57691c51-16f4-4adb-9ed2-230b2ab3a7da": {
    "asset": 1573388871546,
    "meta": 1573388910024,
    "relativePath": "libs/core/load/config/ConfigBase.ts"
  },
  "f04a4231-a1e0-4752-ab73-4e41b3c459ce": {
    "asset": 1573388871547,
    "meta": 1573388910025,
    "relativePath": "libs/core/load/config/ConfigManager.ts"
  },
  "38dad9df-1f86-44ce-8dbc-22812654d999": {
    "asset": 1573388897181,
    "meta": 1573388897197,
    "relativePath": "libs/core/load/loader"
  },
  "abb24d92-8086-4c71-b399-4691f9ddfd15": {
    "asset": 1573388897180,
    "meta": 1573388897199,
    "relativePath": "libs/core/load/loader/base"
  },
  "b2c5e559-6dfb-44d7-9c2a-10de2a9928ff": {
    "asset": 1573388871548,
    "meta": 1573388910045,
    "relativePath": "libs/core/load/loader/base/AtlasLoader.ts"
  },
  "2f1a3a16-834a-439a-ac88-d58cb28d880b": {
    "asset": 1573388871549,
    "meta": 1573388910052,
    "relativePath": "libs/core/load/loader/base/BaseLoader.ts"
  },
  "8143dda4-15d2-4214-93e0-7d98211260a6": {
    "asset": 1573388871549,
    "meta": 1573388910061,
    "relativePath": "libs/core/load/loader/base/ImageLoader.ts"
  },
  "c320c1af-01ea-4c21-b3fe-f8c4555d3142": {
    "asset": 1573388871549,
    "meta": 1573388910068,
    "relativePath": "libs/core/load/loader/base/JsonLoader.ts"
  },
  "2bf0a03b-6857-4aaf-b86f-d57d93fcd15d": {
    "asset": 1573388871550,
    "meta": 1573388910081,
    "relativePath": "libs/core/load/loader/base/PrefabLoader.ts"
  },
  "a04ce78e-fb17-49eb-b55d-38a8aece2927": {
    "asset": 1573388871550,
    "meta": 1573388910101,
    "relativePath": "libs/core/load/loader/base/TextLoader.ts"
  },
  "a4f930e7-d8b6-4df4-b030-0d73e99b736d": {
    "asset": 1573388897230,
    "meta": 1573388897241,
    "relativePath": "libs/core/mvc/base"
  },
  "c900ec9a-875e-4995-983d-4d94de528730": {
    "asset": 1573388871547,
    "meta": 1573388910104,
    "relativePath": "libs/core/load/loader/ITResourceLoader.ts"
  },
  "fedfc76f-540d-4e9a-8caf-9240df7bc26e": {
    "asset": 1573388871553,
    "meta": 1573388910125,
    "relativePath": "libs/core/mvc/base/BaseCommand.ts"
  },
  "e4c08ce1-e9d8-49d3-950a-cdc70ac2fd09": {
    "asset": 1573388871554,
    "meta": 1573388910131,
    "relativePath": "libs/core/mvc/base/BaseMediator.ts"
  },
  "41a9933e-98c1-4e8f-8168-5a36936865fa": {
    "asset": 1573388871554,
    "meta": 1573388910138,
    "relativePath": "libs/core/mvc/base/BaseModel.ts"
  },
  "f57e6b10-3f3b-4707-9396-d60b3f30ba6c": {
    "asset": 1573388871555,
    "meta": 1573388910150,
    "relativePath": "libs/core/mvc/base/BaseScene.ts"
  },
  "a0bc9935-e1c4-425b-9b07-36ddd0c87b8c": {
    "asset": 1573388871555,
    "meta": 1573388910154,
    "relativePath": "libs/core/mvc/base/BaseView.ts"
  },
  "09a7750f-3167-4e69-bc48-4b9f368b8045": {
    "asset": 1573388871556,
    "meta": 1573388910167,
    "relativePath": "libs/core/mvc/base/GameContent.ts"
  },
  "a43dad25-f5d6-4db1-8adb-55edbca42524": {
    "asset": 1573388897233,
    "meta": 1573388897263,
    "relativePath": "libs/core/mvc/command"
  },
  "3a4f1c53-b59a-47fb-b96c-493a020dc663": {
    "asset": 1573388871556,
    "meta": 1573388910177,
    "relativePath": "libs/core/mvc/base/ViewEvent.ts"
  },
  "0a31af12-9066-4e36-a662-90c3d17edfdc": {
    "asset": 1573388871557,
    "meta": 1573388910186,
    "relativePath": "libs/core/mvc/command/AsyncMacroCommand.ts"
  },
  "0fb3335e-6095-4ab0-8622-644727118c77": {
    "asset": 1573388871557,
    "meta": 1573388910194,
    "relativePath": "libs/core/mvc/command/MacroCommand.ts"
  },
  "4204d14b-7ec5-42c2-8f74-0673982fbe44": {
    "asset": 1573388871558,
    "meta": 1573388910199,
    "relativePath": "libs/core/mvc/command/SimpleCommand.ts"
  },
  "1bba18f6-1968-4b2d-add7-5484b7ec4371": {
    "asset": 1573388871558,
    "meta": 1573388910203,
    "relativePath": "libs/core/mvc/command/SyncMacroCommand.ts"
  },
  "6931ac8f-231c-46ce-b8e1-64a07c2573bc": {
    "asset": 1573388871551,
    "meta": 1573388910224,
    "relativePath": "libs/core/mvc/Constants.ts"
  },
  "31529d2a-56dd-463f-98a9-507b6c36ac56": {
    "asset": 1573388871552,
    "meta": 1573388910225,
    "relativePath": "libs/core/mvc/Facade.ts"
  },
  "57eef80b-2d8e-48fc-b471-3e7b69ed0961": {
    "asset": 1573388897238,
    "meta": 1573388897278,
    "relativePath": "libs/core/mvc/manager"
  },
  "e78e31c3-cdbb-4486-bfc5-8fc8b3a10277": {
    "asset": 1573388871559,
    "meta": 1573388910254,
    "relativePath": "libs/core/mvc/manager/CommandManager.ts"
  },
  "02948924-8f82-4b02-91eb-9a5eef10f223": {
    "asset": 1573388871559,
    "meta": 1573388910264,
    "relativePath": "libs/core/mvc/manager/ModelManager.ts"
  },
  "e8ad35c3-0dcd-4d1b-9e7f-10b0fc3671f8": {
    "asset": 1573388871560,
    "meta": 1573388910313,
    "relativePath": "libs/core/mvc/manager/NotificationManager.ts"
  },
  "b7754af6-2724-4122-b87b-2e1ec6cfac8d": {
    "asset": 1573388871561,
    "meta": 1573388910316,
    "relativePath": "libs/core/mvc/manager/ViewManager.ts"
  },
  "05d053e9-1b79-4132-b8d4-6dabdec6d276": {
    "asset": 1573388871563,
    "meta": 1573388910328,
    "relativePath": "libs/core/util/ArrayUtil.ts"
  },
  "5254f5fe-d91a-462e-9890-f217015360db": {
    "asset": 1573388871563,
    "meta": 1573388910345,
    "relativePath": "libs/core/util/JSUtil.ts"
  },
  "59044bdd-d68b-4eb0-869b-f575d5351b72": {
    "asset": 1573388871563,
    "meta": 1573388910349,
    "relativePath": "libs/core/util/LogUtil.ts"
  },
  "7961c8d9-ad2f-47a2-8fd2-05cfd9a531e6": {
    "asset": 1573388871564,
    "meta": 1573388910365,
    "relativePath": "libs/core/util/README.md"
  },
  "7645e057-bcc6-47d1-83bc-5b4f0ccf75d2": {
    "asset": 1573388871564,
    "meta": 1573388910393,
    "relativePath": "libs/core/util/UIUtils.ts"
  },
  "600680dd-046d-456b-9b4a-37548abdd65e": {
    "asset": 1573388871574,
    "meta": 1573388910401,
    "relativePath": "libs/extension/path/ITAreaPath.ts"
  },
  "63a8403d-d8ad-4eeb-b8d7-e77ba46412ba": {
    "asset": 1573388871575,
    "meta": 1573388910402,
    "relativePath": "libs/extension/path/ITMapPos.ts"
  },
  "e1f1a259-ee12-4a6b-85e4-1a4ecdbb9f4c": {
    "asset": 1573388871565,
    "meta": 1573388910418,
    "relativePath": "libs/mvc_ex/base/GameComponent.ts"
  },
  "4c9da00d-7f9b-41f6-9d6a-12907ffa7474": {
    "asset": 1573388871566,
    "meta": 1573388910426,
    "relativePath": "libs/mvc_ex/base/GameMediator.ts"
  },
  "257caf66-58c6-44ba-ab10-8c4156c71fdb": {
    "asset": 1573388871566,
    "meta": 1573388910436,
    "relativePath": "libs/mvc_ex/base/GameModel.ts"
  },
  "a78250a4-4157-454b-8851-6c2a4dbffc88": {
    "asset": 1573388871567,
    "meta": 1573388910449,
    "relativePath": "libs/mvc_ex/base/GameScene.ts"
  },
  "628ffdbc-5224-4328-84f8-d3a980c5224d": {
    "asset": 1573388871567,
    "meta": 1573388910469,
    "relativePath": "libs/mvc_ex/base/GameView.ts"
  },
  "66d20485-bcef-440a-91fb-bc425b08b3fb": {
    "asset": 1573388871568,
    "meta": 1573388910478,
    "relativePath": "libs/mvc_ex/command/LoadLayersCmd.ts"
  },
  "de8ef2cf-d29e-4191-a314-d9e0302982a2": {
    "asset": 1573388871569,
    "meta": 1573388910481,
    "relativePath": "libs/mvc_ex/command/LoadPopViewsCmd.ts"
  },
  "4acc8e90-cd1f-49ee-a97f-e9abbc4d7b93": {
    "asset": 1573389123203,
    "meta": 1573389702644,
    "relativePath": "script/NativeScene.ts"
  },
  "6244c768-1b99-4a2c-a231-2030d319d140": {
    "asset": 1573390145533,
    "meta": 1573390174086,
    "relativePath": "script/view/DefaultScene.ts"
  },
  "c86f9000-2457-4040-81c3-76804e2ae62a": {
    "asset": 1573390129284,
    "meta": 1573390174098,
    "relativePath": "script/view/pop_b/PopBMediator.ts"
  },
  "a079b155-5deb-47ca-aea1-31a1f2e018e9": {
    "asset": 1573390137876,
    "meta": 1573390174115,
    "relativePath": "script/view/second/SecondMediator.ts"
  },
  "fa50905f-c653-4fae-86da-1d9c37420351": {
    "asset": 1573390208293,
    "meta": 1573390926093,
    "relativePath": "script/view/second/SecondView.ts"
  },
  "ad3270d3-9cc4-49a7-8e31-3a4f508fc095": {
    "asset": 1573390957947,
    "meta": 1573391153929,
    "relativePath": "script/view/DefaultSceneMediator.ts"
  },
  "66072269-b570-4774-b180-2a680bc7e07d": {
    "asset": 1573391140815,
    "meta": 1573391153948,
    "relativePath": "script/view/pop_a/PopAMediator.ts"
  },
  "6a3205a0-f5c4-4630-a2f4-793a34232ddb": {
    "asset": 1573391219263,
    "meta": 1573391221921,
    "relativePath": "script/view/first/FirstView.ts"
  },
  "48e78e3b-1e60-4515-b8b6-948fe9c627a1": {
    "asset": 1573392112219,
    "meta": 1573392113939,
    "relativePath": "script/view/pop_a/PopAView.ts"
  },
  "fd0a7f7d-3075-44ae-bfda-9ea3baec55cf": {
    "asset": 1573392161937,
    "meta": 1573392163633,
    "relativePath": "script/view/first/FirstMediator.ts"
  }
}