{
  "version": "1.1.1",
  "windows": {
    "worker": {},
    "main": {
      "main": true,
      "url": "app://editor/index.html",
      "windowType": "dockable",
      "x": 61,
      "y": 41,
      "width": 1379,
      "height": 806,
      "layout": {
        "children": [
          {
            "children": [
              {
                "active": 0,
                "children": [
                  "hierarchy"
                ],
                "height": 341,
                "type": "panel",
                "width": 220.234375
              },
              {
                "active": 0,
                "children": [
                  "assets"
                ],
                "height": 381,
                "type": "panel",
                "width": 220.234375
              }
            ],
            "height": 724,
            "type": "dock-v",
            "width": 220.234375
          },
          {
            "children": [
              {
                "children": [
                  {
                    "active": 0,
                    "children": [
                      "scene"
                    ],
                    "height": 419,
                    "type": "panel",
                    "width": 484.796875
                  },
                  {
                    "active": 0,
                    "children": [
                      "node-library"
                    ],
                    "height": 419,
                    "type": "panel",
                    "width": 283.984375
                  }
                ],
                "height": 419,
                "type": "dock-h",
                "width": 770.796875
              },
              {
                "active": 0,
                "children": [
                  "console",
                  "timeline"
                ],
                "height": 303,
                "type": "panel",
                "width": 770.796875
              }
            ],
            "height": 724,
            "type": "dock-v",
            "width": 770.796875
          },
          {
            "active": 0,
            "children": [
              "inspector",
              "cocos-services"
            ],
            "height": 724,
            "type": "panel",
            "width": 383.96875
          }
        ],
        "type": "dock-h"
      },
      "panels": [
        "hierarchy",
        "assets",
        "node-library",
        "console",
        "timeline",
        "inspector",
        "cocos-services",
        "scene"
      ]
    }
  },
  "panels": {}
}